1, 90, 180, 90, 86, 3, AB, 423, https://prezenta.roaep.ro/locale09062024/data/shared/sicpv/partial/pv_eup_sv_ab_8158_423_gnrtd_1718040863.pdf
1, 190, 280, 90, 173, 16, AG, 305, https://prezenta.roaep.ro/locale09062024/data/shared/sicpv/partial/pv_eup_sv_ag_15652_305_gnrtd_1718000587.pdf
4, 485, 828, 343, 455, 26, AG, 375, https://prezenta.roaep.ro/locale09062024/data/shared/sicpv/partial/pv_eup_sv_ag_17049_375_gnrtd_1718182430.pdf
2, 587, 1700, 1113, 560, 25, AG, 59, https://prezenta.roaep.ro/locale09062024/data/shared/sicpv/partial/pv_eup_sv_ag_13169_59_gnrtd_1717982272.pdf
2, 328, 800, 472, 309, 17, AG, 45, https://prezenta.roaep.ro/locale09062024/data/shared/sicpv/partial/pv_eup_sv_ag_13169_45_gnrtd_1718017750.pdf
1, 876, 1491, 615, 810, 65, AG, 447, https://prezenta.roaep.ro/locale09062024/data/shared/sicpv/partial/pv_eup_sv_ag_18411_447_gnrtd_1718123197.pdf
1, 633, 900, 267, 602, 30, AG, 396, https://prezenta.roaep.ro/locale09062024/data/shared/sicpv/partial/pv_eup_sv_ag_17423_396_gnrtd_1718090960.pdf
20, 409, 670, 241, 384, 25, AG, 212, https://prezenta.roaep.ro/locale09062024/data/shared/sicpv/partial/pv_eup_sv_ag_14085_212_gnrtd_1718173886.pdf
1, 284, 400, 116, 259, 24, AG, 322, https://prezenta.roaep.ro/locale09062024/data/shared/sicpv/partial/pv_eup_sv_ag_16132_322_gnrtd_1718115083.pdf
2, 530, 1200, 670, 505, 23, AG, 155, https://prezenta.roaep.ro/locale09062024/data/shared/sicpv/partial/pv_eup_sv_ag_13301_155_gnrtd_1718099214.pdf
2, 987, 1387, 400, 941, 44, AG, 340, https://prezenta.roaep.ro/locale09062024/data/shared/sicpv/partial/pv_eup_sv_ag_16454_340_gnrtd_1718038044.pdf
16, 551, 1700, 1133, 535, 16, AG, 20, https://prezenta.roaep.ro/locale09062024/data/shared/sicpv/partial/pv_eup_sv_ag_13169_20_gnrtd_1718089391.pdf
2, 662, 1006, 342, 628, 34, AG, 200, https://prezenta.roaep.ro/locale09062024/data/shared/sicpv/partial/pv_eup_sv_ag_13999_200_gnrtd_1718024698.pdf
2, 502, 900, 398, 481, 19, AG, 183, https://prezenta.roaep.ro/locale09062024/data/shared/sicpv/partial/pv_eup_sv_ag_13757_183_gnrtd_1718042929.pdf
2, 283, 450, 165, 274, 9, AG, 286, https://prezenta.roaep.ro/locale09062024/data/shared/sicpv/partial/pv_eup_sv_ag_15233_286_gnrtd_1718093054.pdf
1, 217, 350, 133, 206, 10, AG, 320, https://prezenta.roaep.ro/locale09062024/data/shared/sicpv/partial/pv_eup_sv_ag_15983_320_gnrtd_1717979798.pdf
14, 596, 1700, 1104, 560, 22, AG, 57, https://prezenta.roaep.ro/locale09062024/data/shared/sicpv/partial/pv_eup_sv_ag_13169_57_gnrtd_1718089043.pdf
2, 396, 645, 249, 387, 7, AG, 284, https://prezenta.roaep.ro/locale09062024/data/shared/sicpv/partial/pv_eup_sv_ag_15233_284_gnrtd_1718086075.pdf
5, 460, 728, 268, 439, 16, AG, 327, https://prezenta.roaep.ro/locale09062024/data/shared/sicpv/partial/pv_eup_sv_ag_16285_327_gnrtd_1718018999.pdf
4, 754, 2000, 1246, 720, 30, AG, 29, https://prezenta.roaep.ro/locale09062024/data/shared/sicpv/partial/pv_eup_sv_ag_13169_29_gnrtd_1718093290.pdf
2, 285, 500, 215, 255, 28, AG, 269, https://prezenta.roaep.ro/locale09062024/data/shared/sicpv/partial/pv_eup_sv_ag_15064_269_gnrtd_1718126758.pdf
14, 924, 1387, 449, 890, 34, AG, 339, https://prezenta.roaep.ro/locale09062024/data/shared/sicpv/partial/pv_eup_sv_ag_16454_339_gnrtd_1718101218.pdf
1, 582, 1101, 519, 539, 42, AG, 495, https://prezenta.roaep.ro/locale09062024/data/shared/sicpv/partial/pv_eup_sv_ag_19338_495_gnrtd_1718004669.pdf
5, 308, 530, 222, 278, 25, AG, 520, https://prezenta.roaep.ro/locale09062024/data/shared/sicpv/partial/pv_eup_sv_ag_19793_520_gnrtd_1718039737.pdf
2, 599, 1510, 909, 575, 24, AR, 121, https://prezenta.roaep.ro/locale09062024/data/shared/sicpv/partial/pv_eup_sv_ar_9495_121_gnrtd_1718032904.pdf
1, 531, 1040, 508, 487, 44, AR, 348, https://prezenta.roaep.ro/locale09062024/data/shared/sicpv/partial/pv_eup_sv_ar_11940_348_gnrtd_1718002853.pdf
1, 974, 1913, 938, 935, 39, BC, 527, https://prezenta.roaep.ro/locale09062024/data/shared/sicpv/partial/pv_eup_sv_bc_24524_527_gnrtd_1718046837.pdf
16, 188, 318, 130, 163, 9, BC, 328, https://prezenta.roaep.ro/locale09062024/data/shared/sicpv/partial/pv_eup_sv_bc_22237_328_gnrtd_1718017488.pdf
3, 465, 810, 345, 435, 27, BC, 400, https://prezenta.roaep.ro/locale09062024/data/shared/sicpv/partial/pv_eup_sv_bc_26379_400_gnrtd_1717993284.pdf
10, 503, 1200, 697, 433, 60, BC, 290, https://prezenta.roaep.ro/locale09062024/data/shared/sicpv/partial/pv_eup_sv_bc_21668_290_gnrtd_1718020414.pdf
1, 444, 1100, 656, 422, 21, BC, 178, https://prezenta.roaep.ro/locale09062024/data/shared/sicpv/partial/pv_eup_sv_bc_20563_178_gnrtd_1717989088.pdf
14, 521, 1400, 879, 483, 24, BC, 60, https://prezenta.roaep.ro/locale09062024/data/shared/sicpv/partial/pv_eup_sv_bc_20297_60_gnrtd_1718028490.pdf
9, 109, 200, 82, 100, 9, BC, 635, https://prezenta.roaep.ro/locale09062024/data/shared/sicpv/partial/pv_eup_sv_bc_26118_635_gnrtd_1718029476.pdf
3, 332, 900, 568, 298, 31, BC, 304, https://prezenta.roaep.ro/locale09062024/data/shared/sicpv/partial/pv_eup_sv_bc_21855_304_gnrtd_1718014768.pdf
4, 415, 900, 481, 360, 55, BC, 483, https://prezenta.roaep.ro/locale09062024/data/shared/sicpv/partial/pv_eup_sv_bc_23948_483_gnrtd_1718011625.pdf
1, 372, 900, 530, 345, 24, BC, 358, https://prezenta.roaep.ro/locale09062024/data/shared/sicpv/partial/pv_eup_sv_bc_22781_358_gnrtd_1718014881.pdf
3, 450, 1100, 650, 390, 57, BC, 275, https://prezenta.roaep.ro/locale09062024/data/shared/sicpv/partial/pv_eup_sv_bc_21506_275_gnrtd_1718009018.pdf
2, 424, 900, 476, 371, 51, BC, 257, https://prezenta.roaep.ro/locale09062024/data/shared/sicpv/partial/pv_eup_sv_bc_21454_257_gnrtd_1718004513.pdf
1, 185, 400, 215, 168, 16, BC, 405, https://prezenta.roaep.ro/locale09062024/data/shared/sicpv/partial/pv_eup_sv_bc_23127_405_gnrtd_1717997220.pdf
1, 500, 1000, 500, 481, 18, BC, 612, https://prezenta.roaep.ro/locale09062024/data/shared/sicpv/partial/pv_eup_sv_bc_25825_612_gnrtd_1718034296.pdf
2, 360, 630, 270, 282, 76, BH, 407, https://prezenta.roaep.ro/locale09062024/data/shared/sicpv/partial/pv_eup_sv_bh_29573_407_gnrtd_1718028954.pdf
11, 217, 288, 60, 203, 14, BH, 470, https://prezenta.roaep.ro/locale09062024/data/shared/sicpv/partial/pv_eup_sv_bh_30274_470_gnrtd_1718009857.pdf
1, 582, 1330, 748, 554, 27, BH, 619, https://prezenta.roaep.ro/locale09062024/data/shared/sicpv/partial/pv_eup_sv_bh_31654_619_gnrtd_1718013729.pdf
9, 493, 1013, 520, 446, 38, BH, 164, https://prezenta.roaep.ro/locale09062024/data/shared/sicpv/partial/pv_eup_sv_bh_26877_164_gnrtd_1718056191.pdf
1, 770, 1894, 1123, 754, 16, BH, 132, https://prezenta.roaep.ro/locale09062024/data/shared/sicpv/partial/pv_eup_sv_bh_26564_132_gnrtd_1718110445.pdf
1, 300, 432, 131, 293, 7, BH, 296, https://prezenta.roaep.ro/locale09062024/data/shared/sicpv/partial/pv_eup_sv_bh_28077_296_gnrtd_1718035405.pdf
1, 570, 1531, 960, 554, 16, BH, 6, https://prezenta.roaep.ro/locale09062024/data/shared/sicpv/partial/pv_eup_sv_bh_26564_6_gnrtd_1718091019.pdf
10, 143, 332, 179, 133, 10, BH, 591, https://prezenta.roaep.ro/locale09062024/data/shared/sicpv/partial/pv_eup_sv_bh_31333_591_gnrtd_1718013053.pdf
12, 660, 1052, 380, 558, 102, BH, 400, https://prezenta.roaep.ro/locale09062024/data/shared/sicpv/partial/pv_eup_sv_bh_29467_400_gnrtd_1718119591.pdf
1, 50, 72, 22, 45, 4, BH, 349, https://prezenta.roaep.ro/locale09062024/data/shared/sicpv/partial/pv_eup_sv_bh_28889_349_gnrtd_1718099372.pdf
25, 666, 1325, 634, 618, 48, BH, 209, https://prezenta.roaep.ro/locale09062024/data/shared/sicpv/partial/pv_eup_sv_bh_32027_209_gnrtd_1718275595.pdf
2, 653, 1332, 679, 634, 17, BH, 156, https://prezenta.roaep.ro/locale09062024/data/shared/sicpv/partial/pv_eup_sv_bh_26877_156_gnrtd_1718054971.pdf
10, 452, 1029, 584, 425, 10, BH, 65, https://prezenta.roaep.ro/locale09062024/data/shared/sicpv/partial/pv_eup_sv_bh_26564_65_gnrtd_1718098282.pdf
2, 405, 1240, 835, 394, 9, BH, 9, https://prezenta.roaep.ro/locale09062024/data/shared/sicpv/partial/pv_eup_sv_bh_26564_9_gnrtd_1718088839.pdf
1, 264, 374, 110, 245, 18, BH, 265, https://prezenta.roaep.ro/locale09062024/data/shared/sicpv/partial/pv_eup_sv_bh_27686_265_gnrtd_1718052301.pdf
30, 711, 1389, 649, 672, 38, BH, 337, https://prezenta.roaep.ro/locale09062024/data/shared/sicpv/partial/pv_eup_sv_bh_28665_337_gnrtd_1718276529.pdf
100, 624, 1705, 981, 615, 9, BH, 53, https://prezenta.roaep.ro/locale09062024/data/shared/sicpv/partial/pv_eup_sv_bh_26564_53_gnrtd_1718278473.pdf
95, 955, 2093, 1043, 928, 27, BH, 142, https://prezenta.roaep.ro/locale09062024/data/shared/sicpv/partial/pv_eup_sv_bh_26564_142_gnrtd_1718278585.pdf
20, 1119, 1732, 593, 1054, 65, BH, 639, https://prezenta.roaep.ro/locale09062024/data/shared/sicpv/partial/pv_eup_sv_bh_31841_639_gnrtd_1718278082.pdf
90, 811, 2106, 1205, 788, 23, BH, 32, https://prezenta.roaep.ro/locale09062024/data/shared/sicpv/partial/pv_eup_sv_bh_26564_32_gnrtd_1718278362.pdf
3, 201, 276, 75, 187, 11, BH, 270, https://prezenta.roaep.ro/locale09062024/data/shared/sicpv/partial/pv_eup_sv_bh_27757_270_gnrtd_1718089631.pdf
2, 458, 580, 122, 449, 7, BH, 402, https://prezenta.roaep.ro/locale09062024/data/shared/sicpv/partial/pv_eup_sv_bh_29519_402_gnrtd_1718005703.pdf
12, 637, 1600, 951, 618, 19, BH, 35, https://prezenta.roaep.ro/locale09062024/data/shared/sicpv/partial/pv_eup_sv_bh_26564_35_gnrtd_1718097589.pdf
4, 614, 939, 321, 566, 48, BH, 268, https://prezenta.roaep.ro/locale09062024/data/shared/sicpv/partial/pv_eup_sv_bh_27757_268_gnrtd_1718039330.pdf
22, 600, 1397, 775, 583, 17, BH, 70, https://prezenta.roaep.ro/locale09062024/data/shared/sicpv/partial/pv_eup_sv_bh_26564_70_gnrtd_1718109578.pdf
9, 280, 454, 165, 270, 10, BH, 254, https://prezenta.roaep.ro/locale09062024/data/shared/sicpv/partial/pv_eup_sv_bh_27560_254_gnrtd_1718010066.pdf
12, 777, 1715, 938, 719, 46, BH, 466, https://prezenta.roaep.ro/locale09062024/data/shared/sicpv/partial/pv_eup_sv_bh_30274_466_gnrtd_1718008624.pdf
22, 895, 1776, 859, 873, 22, BH, 112, https://prezenta.roaep.ro/locale09062024/data/shared/sicpv/partial/pv_eup_sv_bh_26564_112_gnrtd_1718126227.pdf
2, 586, 1625, 1039, 562, 22, BH, 90, https://prezenta.roaep.ro/locale09062024/data/shared/sicpv/partial/pv_eup_sv_bh_26564_90_gnrtd_1718089251.pdf
11, 880, 2017, 1137, 825, 44, BH, 623, https://prezenta.roaep.ro/locale09062024/data/shared/sicpv/partial/pv_eup_sv_bh_31716_623_gnrtd_1718046309.pdf
2, 662, 1550, 888, 645, 15, BH, 74, https://prezenta.roaep.ro/locale09062024/data/shared/sicpv/partial/pv_eup_sv_bh_26564_74_gnrtd_1718089196.pdf
236, 1249, 1817, 422, 1159, 0, BH, 556, https://prezenta.roaep.ro/locale09062024/data/shared/sicpv/partial/pv_eup_sv_bh_26582_556_gnrtd_1718053365.pdf
10, 418, 1015, 589, 405, 11, BH, 96, https://prezenta.roaep.ro/locale09062024/data/shared/sicpv/partial/pv_eup_sv_bh_26564_96_gnrtd_1718088955.pdf
10, 244, 344, 90, 234, 10, BH, 527, https://prezenta.roaep.ro/locale09062024/data/shared/sicpv/partial/pv_eup_sv_bh_30844_527_gnrtd_1718050041.pdf
1, 761, 869, 108, 729, 31, BH, 569, https://prezenta.roaep.ro/locale09062024/data/shared/sicpv/partial/pv_eup_sv_bh_31128_569_gnrtd_1718037259.pdf
87, 801, 1941, 1053, 786, 15, BH, 30, https://prezenta.roaep.ro/locale09062024/data/shared/sicpv/partial/pv_eup_sv_bh_26564_30_gnrtd_1718278220.pdf
5, 962, 1632, 670, 793, 164, BH, 192, https://prezenta.roaep.ro/locale09062024/data/shared/sicpv/partial/pv_eup_sv_bh_30915_192_gnrtd_1718107326.pdf
1, 419, 997, 577, 342, 77, BH, 592, https://prezenta.roaep.ro/locale09062024/data/shared/sicpv/partial/pv_eup_sv_bh_31379_592_gnrtd_1717999540.pdf
25, 774, 1773, 999, 713, 36, BH, 124, https://prezenta.roaep.ro/locale09062024/data/shared/sicpv/partial/pv_eup_sv_bh_26564_124_gnrtd_1718089925.pdf
1, 591, 1552, 961, 583, 7, BH, 170, https://prezenta.roaep.ro/locale09062024/data/shared/sicpv/partial/pv_eup_sv_bh_26975_170_gnrtd_1718053261.pdf
6, 633, 1111, 472, 585, 48, BH, 237, https://prezenta.roaep.ro/locale09062024/data/shared/sicpv/partial/pv_eup_sv_bh_27329_237_gnrtd_1718040585.pdf
20, 613, 992, 360, 583, 29, BH, 610, https://prezenta.roaep.ro/locale09062024/data/shared/sicpv/partial/pv_eup_sv_bh_32153_610_gnrtd_1718277915.pdf
7, 551, 968, 412, 528, 21, BH, 419, https://prezenta.roaep.ro/locale09062024/data/shared/sicpv/partial/pv_eup_sv_bh_29724_419_gnrtd_1718026129.pdf
23, 167, 250, 60, 158, 9, BR, 196, https://prezenta.roaep.ro/locale09062024/data/shared/sicpv/partial/pv_eup_sv_br_43279_196_gnrtd_1718192822.pdf
2, 477, 1300, 823, 455, 20, BR, 109, https://prezenta.roaep.ro/locale09062024/data/shared/sicpv/partial/pv_eup_sv_br_42682_109_gnrtd_1718007030.pdf
3, 499, 1439, 940, 466, 30, BR, 106, https://prezenta.roaep.ro/locale09062024/data/shared/sicpv/partial/pv_eup_sv_br_42682_106_gnrtd_1718192788.pdf
1, 802, 1300, 497, 766, 36, BR, 142, https://prezenta.roaep.ro/locale09062024/data/shared/sicpv/partial/pv_eup_sv_br_42753_142_gnrtd_1718191876.pdf
20, 512, 1400, 888, 492, 0, BR, 53, https://prezenta.roaep.ro/locale09062024/data/shared/sicpv/partial/pv_eup_sv_br_42682_53_gnrtd_1718187592.pdf
2, 474, 800, 324, 431, 43, BR, 266, https://prezenta.roaep.ro/locale09062024/data/shared/sicpv/partial/pv_eup_sv_br_44328_266_gnrtd_1718193004.pdf
2, 365, 950, 585, 344, 19, BR, 15, https://prezenta.roaep.ro/locale09062024/data/shared/sicpv/partial/pv_eup_sv_br_42682_15_gnrtd_1718191114.pdf
7, 444, 765, 315, 421, 22, BR, 207, https://prezenta.roaep.ro/locale09062024/data/shared/sicpv/partial/pv_eup_sv_br_43563_207_gnrtd_1718105975.pdf
2, 531, 1402, 871, 507, 22, BT, 31, https://prezenta.roaep.ro/locale09062024/data/shared/sicpv/partial/pv_eup_sv_bt_35731_31_gnrtd_1718085777.pdf
1, 556, 1497, 941, 535, 20, BT, 17, https://prezenta.roaep.ro/locale09062024/data/shared/sicpv/partial/pv_eup_sv_bt_35731_17_gnrtd_1718018171.pdf
1, 204, 400, 196, 184, 19, BT, 414, https://prezenta.roaep.ro/locale09062024/data/shared/sicpv/partial/pv_eup_sv_bt_39658_414_gnrtd_1718028555.pdf
2, 527, 1100, 573, 486, 39, BT, 335, https://prezenta.roaep.ro/locale09062024/data/shared/sicpv/partial/pv_eup_sv_bt_38580_335_gnrtd_1718091773.pdf
3, 249, 400, 151, 234, 12, BT, 302, https://prezenta.roaep.ro/locale09062024/data/shared/sicpv/partial/pv_eup_sv_bt_37958_302_gnrtd_1718016034.pdf
1, 453, 1298, 845, 420, 32, BT, 25, https://prezenta.roaep.ro/locale09062024/data/shared/sicpv/partial/pv_eup_sv_bt_35731_25_gnrtd_1718015518.pdf
5, 549, 1400, 851, 524, 20, BV, 8, https://prezenta.roaep.ro/locale09062024/data/shared/sicpv/partial/pv_eup_sv_bv_40198_8_gnrtd_1718092027.pdf
4, 656, 1500, 844, 637, 15, BV, 237, https://prezenta.roaep.ro/locale09062024/data/shared/sicpv/partial/pv_eup_sv_bv_40438_237_gnrtd_1718106222.pdf
18, 612, 1400, 788, 567, 27, BV, 181, https://prezenta.roaep.ro/locale09062024/data/shared/sicpv/partial/pv_eup_sv_bv_40198_181_gnrtd_1718090095.pdf
3, 331, 500, 168, 319, 10, BV, 407, https://prezenta.roaep.ro/locale09062024/data/shared/sicpv/partial/pv_eup_sv_bv_41738_407_gnrtd_1718105234.pdf
15, 687, 1600, 898, 653, 34, BV, 51, https://prezenta.roaep.ro/locale09062024/data/shared/sicpv/partial/pv_eup_sv_bv_40198_51_gnrtd_1718005376.pdf
5, 206, 500, 289, 194, 12, BV, 453, https://prezenta.roaep.ro/locale09062024/data/shared/sicpv/partial/pv_eup_sv_bv_42183_453_gnrtd_1718005940.pdf
10, 157, 300, 143, 133, 14, BV, 431, https://prezenta.roaep.ro/locale09062024/data/shared/sicpv/partial/pv_eup_sv_bv_41943_431_gnrtd_1718119470.pdf
3, 625, 1600, 975, 602, 20, BV, 104, https://prezenta.roaep.ro/locale09062024/data/shared/sicpv/partial/pv_eup_sv_bv_40198_104_gnrtd_1718107918.pdf
17, 573, 1200, 627, 536, 20, BV, 39, https://prezenta.roaep.ro/locale09062024/data/shared/sicpv/partial/pv_eup_sv_bv_40198_39_gnrtd_1718087258.pdf
1, 294, 400, 105, 277, 17, BV, 463, https://prezenta.roaep.ro/locale09062024/data/shared/sicpv/partial/pv_eup_sv_bv_42307_463_gnrtd_1718094043.pdf
5, 498, 1800, 1297, 470, 28, BV, 225, https://prezenta.roaep.ro/locale09062024/data/shared/sicpv/partial/pv_eup_sv_bv_40278_225_gnrtd_1718095658.pdf
6, 382, 600, 212, 356, 26, BV, 408, https://prezenta.roaep.ro/locale09062024/data/shared/sicpv/partial/pv_eup_sv_bv_41738_408_gnrtd_1718101999.pdf
2, 876, 1500, 622, 859, 17, BV, 176, https://prezenta.roaep.ro/locale09062024/data/shared/sicpv/partial/pv_eup_sv_bv_40198_176_gnrtd_1718104632.pdf
19, 567, 1400, 821, 531, 29, BV, 33, https://prezenta.roaep.ro/locale09062024/data/shared/sicpv/partial/pv_eup_sv_bv_40198_33_gnrtd_1718020356.pdf
1, 471, 1700, 1228, 430, 41, BV, 220, https://prezenta.roaep.ro/locale09062024/data/shared/sicpv/partial/pv_eup_sv_bv_40278_220_gnrtd_1718183952.pdf
3, 586, 903, 314, 546, 40, BV, 442, https://prezenta.roaep.ro/locale09062024/data/shared/sicpv/partial/pv_eup_sv_bv_42058_442_gnrtd_1718121442.pdf
1, 153, 250, 96, 140, 13, BV, 365, https://prezenta.roaep.ro/locale09062024/data/shared/sicpv/partial/pv_eup_sv_bv_41177_365_gnrtd_1718089785.pdf
5, 883, 1900, 1017, 854, 24, BV, 152, https://prezenta.roaep.ro/locale09062024/data/shared/sicpv/partial/pv_eup_sv_bv_40198_152_gnrtd_1718091120.pdf
1, 625, 1300, 675, 590, 34, BV, 269, https://prezenta.roaep.ro/locale09062024/data/shared/sicpv/partial/pv_eup_sv_bv_40367_269_gnrtd_1718088063.pdf
2, 269, 460, 189, 259, 10, BZ, 257, https://prezenta.roaep.ro/locale09062024/data/shared/sicpv/partial/pv_eup_sv_bz_47079_257_gnrtd_1718021842.pdf
2, 783, 1500, 715, 759, 24, BZ, 51, https://prezenta.roaep.ro/locale09062024/data/shared/sicpv/partial/pv_eup_sv_bz_44818_51_gnrtd_1717996699.pdf
5, 1177, 1980, 798, 1088, 89, BZ, 387, https://prezenta.roaep.ro/locale09062024/data/shared/sicpv/partial/pv_eup_sv_bz_49849_387_gnrtd_1718049861.pdf
4, 110, 191, 77, 106, 4, BZ, 356, https://prezenta.roaep.ro/locale09062024/data/shared/sicpv/partial/pv_eup_sv_bz_49313_356_gnrtd_1717983532.pdf
15, 698, 1800, 1102, 662, 21, BZ, 14, https://prezenta.roaep.ro/locale09062024/data/shared/sicpv/partial/pv_eup_sv_bz_44818_14_gnrtd_1718046900.pdf
2, 957, 2127, 1170, 945, 10, CJ, 177, https://prezenta.roaep.ro/locale09062024/data/shared/sicpv/partial/pv_eup_sv_cj_54975_177_gnrtd_1718090124.pdf
1, 156, 246, 90, 142, 13, CJ, 429, https://prezenta.roaep.ro/locale09062024/data/shared/sicpv/partial/pv_eup_sv_cj_57449_429_gnrtd_1718095335.pdf
1, 696, 1651, 955, 661, 34, CJ, 93, https://prezenta.roaep.ro/locale09062024/data/shared/sicpv/partial/pv_eup_sv_cj_54975_93_gnrtd_1718089770.pdf
4, 188, 342, 154, 157, 27, CJ, 647, https://prezenta.roaep.ro/locale09062024/data/shared/sicpv/partial/pv_eup_sv_cj_59764_647_gnrtd_1718011377.pdf
1, 440, 919, 479, 398, 41, CJ, 495, https://prezenta.roaep.ro/locale09062024/data/shared/sicpv/partial/pv_eup_sv_cj_58008_495_gnrtd_1718096311.pdf
1, 94, 115, 21, 90, 3, CJ, 374, https://prezenta.roaep.ro/locale09062024/data/shared/sicpv/partial/pv_eup_sv_cj_56461_374_gnrtd_1718029194.pdf
2, 709, 1505, 796, 688, 19, CJ, 114, https://prezenta.roaep.ro/locale09062024/data/shared/sicpv/partial/pv_eup_sv_cj_54975_114_gnrtd_1718088744.pdf
1, 909, 1620, 711, 892, 16, CJ, 121, https://prezenta.roaep.ro/locale09062024/data/shared/sicpv/partial/pv_eup_sv_cj_54975_121_gnrtd_1718028007.pdf
2, 200, 285, 85, 178, 20, CJ, 560, https://prezenta.roaep.ro/locale09062024/data/shared/sicpv/partial/pv_eup_sv_cj_58623_560_gnrtd_1718028847.pdf
31, 1184, 2228, 1044, 1135, 18, CJ, 55, https://prezenta.roaep.ro/locale09062024/data/shared/sicpv/partial/pv_eup_sv_cj_54975_55_gnrtd_1718027003.pdf
5, 824, 1479, 655, 718, 101, CJ, 556, https://prezenta.roaep.ro/locale09062024/data/shared/sicpv/partial/pv_eup_sv_cj_58623_556_gnrtd_1718018703.pdf
1, 595, 836, 241, 575, 19, CJ, 664, https://prezenta.roaep.ro/locale09062024/data/shared/sicpv/partial/pv_eup_sv_cj_60026_664_gnrtd_1718029745.pdf
2, 1009, 1452, 443, 994, 13, CJ, 60, https://prezenta.roaep.ro/locale09062024/data/shared/sicpv/partial/pv_eup_sv_cj_54975_60_gnrtd_1718027600.pdf
1, 857, 1727, 870, 838, 18, CJ, 103, https://prezenta.roaep.ro/locale09062024/data/shared/sicpv/partial/pv_eup_sv_cj_54975_103_gnrtd_1718032500.pdf
1, 757, 1432, 675, 735, 21, CJ, 128, https://prezenta.roaep.ro/locale09062024/data/shared/sicpv/partial/pv_eup_sv_cj_54975_128_gnrtd_1718092741.pdf
1, 114, 181, 67, 96, 17, CJ, 557, https://prezenta.roaep.ro/locale09062024/data/shared/sicpv/partial/pv_eup_sv_cj_58623_557_gnrtd_1717994866.pdf
5, 787, 1789, 1002, 776, 6, CJ, 130, https://prezenta.roaep.ro/locale09062024/data/shared/sicpv/partial/pv_eup_sv_cj_54975_130_gnrtd_1718013600.pdf
1, 154, 253, 99, 147, 6, CJ, 500, https://prezenta.roaep.ro/locale09062024/data/shared/sicpv/partial/pv_eup_sv_cj_58008_500_gnrtd_1718025147.pdf
1, 596, 1444, 848, 581, 14, CJ, 252, https://prezenta.roaep.ro/locale09062024/data/shared/sicpv/partial/pv_eup_sv_cj_55259_252_gnrtd_1718033976.pdf
10, 617, 1168, 551, 578, 29, CJ, 317, https://prezenta.roaep.ro/locale09062024/data/shared/sicpv/partial/pv_eup_sv_cj_55687_317_gnrtd_1718033135.pdf
1, 848, 1039, 191, 836, 11, CJ, 61, https://prezenta.roaep.ro/locale09062024/data/shared/sicpv/partial/pv_eup_sv_cj_54975_61_gnrtd_1718005186.pdf
8, 944, 1817, 873, 922, 14, CJ, 58, https://prezenta.roaep.ro/locale09062024/data/shared/sicpv/partial/pv_eup_sv_cj_54975_58_gnrtd_1718022074.pdf
1, 131, 138, 7, 121, 9, CL, 151, https://prezenta.roaep.ro/locale09062024/data/shared/sicpv/partial/pv_eup_sv_cl_103568_151_gnrtd_1718035666.pdf
1, 579, 1234, 655, 541, 37, CL, 37, https://prezenta.roaep.ro/locale09062024/data/shared/sicpv/partial/pv_eup_sv_cl_92569_37_gnrtd_1718090362.pdf
5, 816, 1813, 992, 786, 30, CL, 57, https://prezenta.roaep.ro/locale09062024/data/shared/sicpv/partial/pv_eup_sv_cl_100610_57_gnrtd_1718121791.pdf
3, 877, 1913, 1033, 846, 31, CL, 59, https://prezenta.roaep.ro/locale09062024/data/shared/sicpv/partial/pv_eup_sv_cl_100610_59_gnrtd_1718118882.pdf
1, 723, 1404, 681, 678, 44, CL, 127, https://prezenta.roaep.ro/locale09062024/data/shared/sicpv/partial/pv_eup_sv_cl_93487_127_gnrtd_1718121833.pdf
31, 689, 1127, 411, 656, 29, CL, 131, https://prezenta.roaep.ro/locale09062024/data/shared/sicpv/partial/pv_eup_sv_cl_93539_131_gnrtd_1718038510.pdf
1, 618, 1241, 623, 587, 30, CL, 213, https://prezenta.roaep.ro/locale09062024/data/shared/sicpv/partial/pv_eup_sv_cl_94562_213_gnrtd_1718203151.pdf
9, 870, 1828, 951, 832, 36, CL, 56, https://prezenta.roaep.ro/locale09062024/data/shared/sicpv/partial/pv_eup_sv_cl_100610_56_gnrtd_1718120694.pdf
1, 606, 1215, 609, 565, 40, CL, 160, https://prezenta.roaep.ro/locale09062024/data/shared/sicpv/partial/pv_eup_sv_cl_93815_160_gnrtd_1718000496.pdf
6, 1024, 2080, 1050, 871, 153, CL, 66, https://prezenta.roaep.ro/locale09062024/data/shared/sicpv/partial/pv_eup_sv_cl_101458_66_gnrtd_1718089543.pdf
3, 714, 1132, 418, 674, 37, CL, 214, https://prezenta.roaep.ro/locale09062024/data/shared/sicpv/partial/pv_eup_sv_cl_94580_214_gnrtd_1718012176.pdf
1, 285, 379, 94, 266, 18, CL, 83, https://prezenta.roaep.ro/locale09062024/data/shared/sicpv/partial/pv_eup_sv_cl_94125_83_gnrtd_1718035752.pdf
7, 666, 1738, 1065, 638, 28, CL, 23, https://prezenta.roaep.ro/locale09062024/data/shared/sicpv/partial/pv_eup_sv_cl_92569_23_gnrtd_1718110301.pdf
3, 267, 531, 264, 234, 30, CL, 167, https://prezenta.roaep.ro/locale09062024/data/shared/sicpv/partial/pv_eup_sv_cl_93931_167_gnrtd_1718021317.pdf
1, 229, 355, 126, 217, 11, CL, 192, https://prezenta.roaep.ro/locale09062024/data/shared/sicpv/partial/pv_eup_sv_cl_104635_192_gnrtd_1718047532.pdf
4, 505, 759, 254, 463, 38, CL, 112, https://prezenta.roaep.ro/locale09062024/data/shared/sicpv/partial/pv_eup_sv_cl_93325_112_gnrtd_1717990056.pdf
3, 460, 1211, 748, 432, 28, CL, 17, https://prezenta.roaep.ro/locale09062024/data/shared/sicpv/partial/pv_eup_sv_cl_92569_17_gnrtd_1718047900.pdf
1, 267, 399, 132, 256, 10, CS, 177, https://prezenta.roaep.ro/locale09062024/data/shared/sicpv/partial/pv_eup_sv_cs_51546_177_gnrtd_1718116248.pdf
4, 543, 1315, 792, 490, 29, CS, 136, https://prezenta.roaep.ro/locale09062024/data/shared/sicpv/partial/pv_eup_sv_cs_51118_136_gnrtd_1718054656.pdf
2, 298, 556, 256, 278, 20, CS, 122, https://prezenta.roaep.ro/locale09062024/data/shared/sicpv/partial/pv_eup_sv_cs_51056_122_gnrtd_1718101199.pdf
10, 388, 668, 280, 350, 28, CS, 267, https://prezenta.roaep.ro/locale09062024/data/shared/sicpv/partial/pv_eup_sv_cs_53130_267_gnrtd_1718006123.pdf
17, 295, 957, 645, 274, 21, CS, 26, https://prezenta.roaep.ro/locale09062024/data/shared/sicpv/partial/pv_eup_sv_cs_50790_26_gnrtd_1718003800.pdf
9, 216, 547, 325, 199, 14, CS, 143, https://prezenta.roaep.ro/locale09062024/data/shared/sicpv/partial/pv_eup_sv_cs_51118_143_gnrtd_1718032384.pdf
1, 451, 678, 226, 433, 18, CS, 279, https://prezenta.roaep.ro/locale09062024/data/shared/sicpv/partial/pv_eup_sv_cs_53274_279_gnrtd_1718103699.pdf
8, 363, 1090, 727, 344, 11, CS, 47, https://prezenta.roaep.ro/locale09062024/data/shared/sicpv/partial/pv_eup_sv_cs_50790_47_gnrtd_1718020773.pdf
6, 290, 477, 188, 264, 19, CS, 213, https://prezenta.roaep.ro/locale09062024/data/shared/sicpv/partial/pv_eup_sv_cs_51877_213_gnrtd_1718054217.pdf
6, 235, 497, 256, 200, 35, CS, 271, https://prezenta.roaep.ro/locale09062024/data/shared/sicpv/partial/pv_eup_sv_cs_53167_271_gnrtd_1718064124.pdf
5, 391, 1037, 641, 374, 17, CS, 126, https://prezenta.roaep.ro/locale09062024/data/shared/sicpv/partial/pv_eup_sv_cs_51056_126_gnrtd_1718129457.pdf
2, 256, 463, 205, 239, 17, CS, 129, https://prezenta.roaep.ro/locale09062024/data/shared/sicpv/partial/pv_eup_sv_cs_51056_129_gnrtd_1718100649.pdf
6, 438, 985, 547, 397, 35, CS, 174, https://prezenta.roaep.ro/locale09062024/data/shared/sicpv/partial/pv_eup_sv_cs_51500_174_gnrtd_1718050140.pdf
1, 483, 967, 483, 451, 32, CS, 173, https://prezenta.roaep.ro/locale09062024/data/shared/sicpv/partial/pv_eup_sv_cs_51500_173_gnrtd_1718060182.pdf
2, 158, 327, 168, 144, 13, CS, 317, https://prezenta.roaep.ro/locale09062024/data/shared/sicpv/partial/pv_eup_sv_cs_53791_317_gnrtd_1718061426.pdf
1, 108, 180, 71, 104, 4, CS, 131, https://prezenta.roaep.ro/locale09062024/data/shared/sicpv/partial/pv_eup_sv_cs_51056_131_gnrtd_1718096346.pdf
1, 187, 297, 109, 174, 13, CS, 167, https://prezenta.roaep.ro/locale09062024/data/shared/sicpv/partial/pv_eup_sv_cs_51387_167_gnrtd_1718060374.pdf
1, 267, 327, 59, 246, 21, CS, 255, https://prezenta.roaep.ro/locale09062024/data/shared/sicpv/partial/pv_eup_sv_cs_52954_255_gnrtd_1718093150.pdf
11, 137, 207, 59, 133, 4, CS, 244, https://prezenta.roaep.ro/locale09062024/data/shared/sicpv/partial/pv_eup_sv_cs_52785_244_gnrtd_1718080878.pdf
2, 824, 1272, 446, 785, 39, CS, 318, https://prezenta.roaep.ro/locale09062024/data/shared/sicpv/partial/pv_eup_sv_cs_53853_318_gnrtd_1718111743.pdf
3, 790, 1600, 807, 721, 69, CT, 288, https://prezenta.roaep.ro/locale09062024/data/shared/sicpv/partial/pv_eup_sv_ct_60455_288_gnrtd_1718092002.pdf
11, 475, 900, 414, 443, 32, CT, 506, https://prezenta.roaep.ro/locale09062024/data/shared/sicpv/partial/pv_eup_sv_ct_62538_506_gnrtd_1718017882.pdf
1, 159, 200, 40, 143, 16, CT, 438, https://prezenta.roaep.ro/locale09062024/data/shared/sicpv/partial/pv_eup_sv_ct_61737_438_gnrtd_1718095700.pdf
71, 844, 1302, 458, 714, 59, CT, 503, https://prezenta.roaep.ro/locale09062024/data/shared/sicpv/partial/pv_eup_sv_ct_62486_503_gnrtd_1718037079.pdf
6, 792, 1700, 908, 758, 28, CT, 280, https://prezenta.roaep.ro/locale09062024/data/shared/sicpv/partial/pv_eup_sv_ct_60776_280_gnrtd_1718121108.pdf
21, 467, 1100, 612, 446, 21, CT, 149, https://prezenta.roaep.ro/locale09062024/data/shared/sicpv/partial/pv_eup_sv_ct_60419_149_gnrtd_1717997554.pdf
2, 466, 900, 434, 443, 21, CT, 232, https://prezenta.roaep.ro/locale09062024/data/shared/sicpv/partial/pv_eup_sv_ct_60482_232_gnrtd_1718047137.pdf
4, 624, 1600, 975, 589, 32, CT, 79, https://prezenta.roaep.ro/locale09062024/data/shared/sicpv/partial/pv_eup_sv_ct_60419_79_gnrtd_1717994679.pdf
288, 959, 2200, 953, 907, 52, CT, 428, https://prezenta.roaep.ro/locale09062024/data/shared/sicpv/partial/pv_eup_sv_ct_61620_428_gnrtd_1718041944.pdf
4, 640, 1300, 656, 609, 31, CT, 231, https://prezenta.roaep.ro/locale09062024/data/shared/sicpv/partial/pv_eup_sv_ct_60482_231_gnrtd_1718044167.pdf
1, 662, 1500, 838, 639, 22, CT, 25, https://prezenta.roaep.ro/locale09062024/data/shared/sicpv/partial/pv_eup_sv_ct_60419_25_gnrtd_1717999802.pdf
5, 305, 804, 499, 286, 14, CT, 120, https://prezenta.roaep.ro/locale09062024/data/shared/sicpv/partial/pv_eup_sv_ct_60419_120_gnrtd_1717988365.pdf
11, 678, 1700, 1011, 621, 57, CT, 196, https://prezenta.roaep.ro/locale09062024/data/shared/sicpv/partial/pv_eup_sv_ct_60419_196_gnrtd_1718010211.pdf
2, 567, 1300, 733, 478, 87, CT, 226, https://prezenta.roaep.ro/locale09062024/data/shared/sicpv/partial/pv_eup_sv_ct_60482_226_gnrtd_1718094531.pdf
34, 526, 1100, 574, 476, 16, CT, 233, https://prezenta.roaep.ro/locale09062024/data/shared/sicpv/partial/pv_eup_sv_ct_60482_233_gnrtd_1718042797.pdf
1, 916, 1800, 883, 872, 44, CT, 544, https://prezenta.roaep.ro/locale09062024/data/shared/sicpv/partial/pv_eup_sv_ct_63072_544_gnrtd_1718034068.pdf
5, 569, 1500, 931, 551, 13, CT, 141, https://prezenta.roaep.ro/locale09062024/data/shared/sicpv/partial/pv_eup_sv_ct_60419_141_gnrtd_1718010315.pdf
1, 712, 1900, 1188, 691, 20, CT, 37, https://prezenta.roaep.ro/locale09062024/data/shared/sicpv/partial/pv_eup_sv_ct_60419_37_gnrtd_1717995222.pdf
1, 434, 1000, 566, 424, 9, CT, 142, https://prezenta.roaep.ro/locale09062024/data/shared/sicpv/partial/pv_eup_sv_ct_60419_142_gnrtd_1718015911.pdf
3, 876, 1100, 224, 842, 31, CT, 416, https://prezenta.roaep.ro/locale09062024/data/shared/sicpv/partial/pv_eup_sv_ct_63286_416_gnrtd_1718146233.pdf
61, 868, 1300, 427, 767, 45, CT, 398, https://prezenta.roaep.ro/locale09062024/data/shared/sicpv/partial/pv_eup_sv_ct_61283_398_gnrtd_1718051251.pdf
2, 288, 800, 513, 278, 7, CT, 80, https://prezenta.roaep.ro/locale09062024/data/shared/sicpv/partial/pv_eup_sv_ct_60419_80_gnrtd_1718095746.pdf
1, 650, 1600, 949, 627, 23, CT, 97, https://prezenta.roaep.ro/locale09062024/data/shared/sicpv/partial/pv_eup_sv_ct_60419_97_gnrtd_1718004518.pdf
2, 569, 1200, 631, 547, 20, CT, 112, https://prezenta.roaep.ro/locale09062024/data/shared/sicpv/partial/pv_eup_sv_ct_60419_112_gnrtd_1717998619.pdf
16, 625, 1200, 559, 599, 26, CT, 308, https://prezenta.roaep.ro/locale09062024/data/shared/sicpv/partial/pv_eup_sv_ct_62360_308_gnrtd_1718031981.pdf
1, 519, 1400, 881, 515, 3, CV, 57, https://prezenta.roaep.ro/locale09062024/data/shared/sicpv/partial/pv_eup_sv_cv_63740_57_gnrtd_1718030882.pdf
1, 623, 1198, 574, 583, 40, CV, 123, https://prezenta.roaep.ro/locale09062024/data/shared/sicpv/partial/pv_eup_sv_cv_64130_123_gnrtd_1718028119.pdf
1, 473, 848, 375, 444, 28, DB, 294, https://prezenta.roaep.ro/locale09062024/data/shared/sicpv/partial/pv_eup_sv_db_68048_294_gnrtd_1718026960.pdf
3, 292, 610, 316, 276, 15, DB, 409, https://prezenta.roaep.ro/locale09062024/data/shared/sicpv/partial/pv_eup_sv_db_69250_409_gnrtd_1718000502.pdf
3, 373, 570, 197, 345, 25, DB, 335, https://prezenta.roaep.ro/locale09062024/data/shared/sicpv/partial/pv_eup_sv_db_179908_335_gnrtd_1718003657.pdf
3, 494, 1100, 606, 466, 25, DB, 13, https://prezenta.roaep.ro/locale09062024/data/shared/sicpv/partial/pv_eup_sv_db_65342_13_gnrtd_1718010569.pdf
1, 295, 800, 504, 285, 10, DB, 48, https://prezenta.roaep.ro/locale09062024/data/shared/sicpv/partial/pv_eup_sv_db_65342_48_gnrtd_1718267861.pdf
1, 399, 990, 591, 381, 17, DB, 77, https://prezenta.roaep.ro/locale09062024/data/shared/sicpv/partial/pv_eup_sv_db_65841_77_gnrtd_1718016641.pdf
2, 621, 1112, 491, 589, 30, DB, 311, https://prezenta.roaep.ro/locale09062024/data/shared/sicpv/partial/pv_eup_sv_db_104387_311_gnrtd_1718020175.pdf
3, 823, 1630, 807, 751, 69, DB, 136, https://prezenta.roaep.ro/locale09062024/data/shared/sicpv/partial/pv_eup_sv_db_66198_136_gnrtd_1718024880.pdf
2, 595, 940, 345, 563, 30, DB, 93, https://prezenta.roaep.ro/locale09062024/data/shared/sicpv/partial/pv_eup_sv_db_65681_93_gnrtd_1718127585.pdf
1, 326, 580, 254, 308, 17, DB, 378, https://prezenta.roaep.ro/locale09062024/data/shared/sicpv/partial/pv_eup_sv_db_68887_378_gnrtd_1718000046.pdf
2, 611, 830, 219, 561, 48, DB, 181, https://prezenta.roaep.ro/locale09062024/data/shared/sicpv/partial/pv_eup_sv_db_66697_181_gnrtd_1718009192.pdf
1, 414, 1360, 945, 384, 30, DB, 51, https://prezenta.roaep.ro/locale09062024/data/shared/sicpv/partial/pv_eup_sv_db_65342_51_gnrtd_1717994879.pdf
1, 490, 1450, 959, 460, 30, DB, 55, https://prezenta.roaep.ro/locale09062024/data/shared/sicpv/partial/pv_eup_sv_db_65342_55_gnrtd_1718266743.pdf
5, 670, 1323, 653, 622, 43, DB, 268, https://prezenta.roaep.ro/locale09062024/data/shared/sicpv/partial/pv_eup_sv_db_65869_268_gnrtd_1718120179.pdf
1, 435, 790, 355, 409, 25, DB, 354, https://prezenta.roaep.ro/locale09062024/data/shared/sicpv/partial/pv_eup_sv_db_179891_354_gnrtd_1717996464.pdf
18, 588, 1080, 474, 570, 18, DB, 371, https://prezenta.roaep.ro/locale09062024/data/shared/sicpv/partial/pv_eup_sv_db_68789_371_gnrtd_1718182939.pdf
1, 374, 570, 196, 342, 31, DB, 267, https://prezenta.roaep.ro/locale09062024/data/shared/sicpv/partial/pv_eup_sv_db_67675_267_gnrtd_1718188160.pdf
1, 374, 1010, 635, 357, 17, DB, 24, https://prezenta.roaep.ro/locale09062024/data/shared/sicpv/partial/pv_eup_sv_db_65342_24_gnrtd_1717999973.pdf
800, 557, 1596, 239, 540, 17, GL, 170, https://prezenta.roaep.ro/locale09062024/data/shared/sicpv/partial/pv_eup_sv_gl_75098_170_gnrtd_1717991413.pdf
1, 558, 1531, 972, 517, 41, GL, 245, https://prezenta.roaep.ro/locale09062024/data/shared/sicpv/partial/pv_eup_sv_gl_75766_245_gnrtd_1718010780.pdf
1, 617, 1285, 667, 588, 29, GL, 307, https://prezenta.roaep.ro/locale09062024/data/shared/sicpv/partial/pv_eup_sv_gl_76353_307_gnrtd_1718011475.pdf
1, 511, 1323, 825, 481, 16, GL, 115, https://prezenta.roaep.ro/locale09062024/data/shared/sicpv/partial/pv_eup_sv_gl_75098_115_gnrtd_1717988683.pdf
147, 452, 886, 287, 434, 18, GL, 303, https://prezenta.roaep.ro/locale09062024/data/shared/sicpv/partial/pv_eup_sv_gl_76317_303_gnrtd_1718005761.pdf
1, 249, 508, 258, 237, 12, GL, 226, https://prezenta.roaep.ro/locale09062024/data/shared/sicpv/partial/pv_eup_sv_gl_75542_226_gnrtd_1718002539.pdf
2, 560, 1100, 538, 527, 33, HD, 188, https://prezenta.roaep.ro/locale09062024/data/shared/sicpv/partial/pv_eup_sv_hd_87424_188_gnrtd_1718091884.pdf
19, 643, 1500, 838, 612, 31, HD, 190, https://prezenta.roaep.ro/locale09062024/data/shared/sicpv/partial/pv_eup_sv_hd_87424_190_gnrtd_1718092300.pdf
1, 66, 100, 34, 61, 4, HD, 515, https://prezenta.roaep.ro/locale09062024/data/shared/sicpv/partial/pv_eup_sv_hd_91982_515_gnrtd_1717980031.pdf
2, 537, 1000, 463, 516, 19, HD, 242, https://prezenta.roaep.ro/locale09062024/data/shared/sicpv/partial/pv_eup_sv_hd_87665_242_gnrtd_1718108752.pdf
1, 298, 500, 202, 290, 7, HD, 512, https://prezenta.roaep.ro/locale09062024/data/shared/sicpv/partial/pv_eup_sv_hd_91982_512_gnrtd_1717996297.pdf
1, 440, 700, 260, 432, 7, HR, 176, https://prezenta.roaep.ro/locale09062024/data/shared/sicpv/partial/pv_eup_sv_hr_84825_176_gnrtd_1718052688.pdf
2, 651, 1200, 547, 642, 9, HR, 46, https://prezenta.roaep.ro/locale09062024/data/shared/sicpv/partial/pv_eup_sv_hr_83133_46_gnrtd_1718107739.pdf
5, 488, 1000, 507, 478, 10, HR, 136, https://prezenta.roaep.ro/locale09062024/data/shared/sicpv/partial/pv_eup_sv_hr_84344_136_gnrtd_1718025226.pdf
9, 723, 1200, 477, 675, 39, HR, 98, https://prezenta.roaep.ro/locale09062024/data/shared/sicpv/partial/pv_eup_sv_hr_83936_98_gnrtd_1718052336.pdf
8, 841, 2000, 1159, 811, 22, HR, 30, https://prezenta.roaep.ro/locale09062024/data/shared/sicpv/partial/pv_eup_sv_hr_83561_30_gnrtd_1718123161.pdf
2, 542, 2400, 1858, 508, 32, HR, 85, https://prezenta.roaep.ro/locale09062024/data/shared/sicpv/partial/pv_eup_sv_hr_83749_85_gnrtd_1718021816.pdf
1, 821, 1500, 679, 796, 24, HR, 75, https://prezenta.roaep.ro/locale09062024/data/shared/sicpv/partial/pv_eup_sv_hr_83491_75_gnrtd_1718047443.pdf
56, 1075, 1600, 525, 982, 37, IF, 183, https://prezenta.roaep.ro/locale09062024/data/shared/sicpv/partial/pv_eup_sv_if_101957_183_gnrtd_1718023629.pdf
24, 788, 1548, 760, 764, 0, IF, 85, https://prezenta.roaep.ro/locale09062024/data/shared/sicpv/partial/pv_eup_sv_if_179533_85_gnrtd_1718116514.pdf
4, 820, 1350, 530, 784, 32, IF, 197, https://prezenta.roaep.ro/locale09062024/data/shared/sicpv/partial/pv_eup_sv_if_102160_197_gnrtd_1718021621.pdf
5, 1035, 1950, 915, 1004, 26, IF, 59, https://prezenta.roaep.ro/locale09062024/data/shared/sicpv/partial/pv_eup_sv_if_179481_59_gnrtd_1718109950.pdf
15, 1247, 1950, 698, 1212, 25, IF, 96, https://prezenta.roaep.ro/locale09062024/data/shared/sicpv/partial/pv_eup_sv_if_179533_96_gnrtd_1718147609.pdf
1, 535, 1450, 915, 513, 21, IF, 18, https://prezenta.roaep.ro/locale09062024/data/shared/sicpv/partial/pv_eup_sv_if_179221_18_gnrtd_1718031284.pdf
2, 684, 1850, 1166, 653, 29, IF, 64, https://prezenta.roaep.ro/locale09062024/data/shared/sicpv/partial/pv_eup_sv_if_179515_64_gnrtd_1718027899.pdf
3, 495, 761, 266, 457, 35, IF, 205, https://prezenta.roaep.ro/locale09062024/data/shared/sicpv/partial/pv_eup_sv_if_102473_205_gnrtd_1718107857.pdf
5, 710, 1400, 690, 680, 25, IF, 142, https://prezenta.roaep.ro/locale09062024/data/shared/sicpv/partial/pv_eup_sv_if_100969_142_gnrtd_1718134230.pdf
6, 640, 1500, 860, 634, 0, IF, 86, https://prezenta.roaep.ro/locale09062024/data/shared/sicpv/partial/pv_eup_sv_if_179533_86_gnrtd_1718116341.pdf
41, 834, 1916, 1082, 759, 34, IF, 211, https://prezenta.roaep.ro/locale09062024/data/shared/sicpv/partial/pv_eup_sv_if_179310_211_gnrtd_1718137903.pdf
3, 936, 1800, 864, 896, 37, IF, 20, https://prezenta.roaep.ro/locale09062024/data/shared/sicpv/partial/pv_eup_sv_if_100576_20_gnrtd_1718109551.pdf
1, 627, 1050, 423, 593, 33, IF, 48, https://prezenta.roaep.ro/locale09062024/data/shared/sicpv/partial/pv_eup_sv_if_179409_48_gnrtd_1718043947.pdf
1, 377, 1022, 646, 348, 27, IL, 11, https://prezenta.roaep.ro/locale09062024/data/shared/sicpv/partial/pv_eup_sv_il_92658_11_gnrtd_1718182037.pdf
1, 486, 1800, 1314, 461, 24, IL, 87, https://prezenta.roaep.ro/locale09062024/data/shared/sicpv/partial/pv_eup_sv_il_92765_87_gnrtd_1718122989.pdf
7, 542, 1200, 658, 525, 10, IS, 239, https://prezenta.roaep.ro/locale09062024/data/shared/sicpv/partial/pv_eup_sv_is_95060_239_gnrtd_1718100353.pdf
20, 434, 1700, 1266, 396, 18, IS, 107, https://prezenta.roaep.ro/locale09062024/data/shared/sicpv/partial/pv_eup_sv_is_95060_107_gnrtd_1717981137.pdf
21, 303, 600, 286, 255, 38, IS, 478, https://prezenta.roaep.ro/locale09062024/data/shared/sicpv/partial/pv_eup_sv_is_97321_478_gnrtd_1718095816.pdf
17, 459, 1000, 524, 459, 0, IS, 222, https://prezenta.roaep.ro/locale09062024/data/shared/sicpv/partial/pv_eup_sv_is_95060_222_gnrtd_1718004987.pdf
2, 396, 1300, 904, 385, 9, IS, 88, https://prezenta.roaep.ro/locale09062024/data/shared/sicpv/partial/pv_eup_sv_is_95060_88_gnrtd_1718114381.pdf
1, 363, 901, 538, 323, 39, IS, 350, https://prezenta.roaep.ro/locale09062024/data/shared/sicpv/partial/pv_eup_sv_is_95872_350_gnrtd_1718096786.pdf
18, 455, 1700, 1245, 427, 10, IS, 113, https://prezenta.roaep.ro/locale09062024/data/shared/sicpv/partial/pv_eup_sv_is_95060_113_gnrtd_1717977705.pdf
2, 184, 1800, 1614, 176, 8, IS, 172, https://prezenta.roaep.ro/locale09062024/data/shared/sicpv/partial/pv_eup_sv_is_95060_172_gnrtd_1717994417.pdf
2, 229, 500, 271, 216, 11, IS, 676, https://prezenta.roaep.ro/locale09062024/data/shared/sicpv/partial/pv_eup_sv_is_99209_676_gnrtd_1718097298.pdf
1, 433, 1000, 567, 397, 35, IS, 674, https://prezenta.roaep.ro/locale09062024/data/shared/sicpv/partial/pv_eup_sv_is_99165_674_gnrtd_1718005657.pdf
13, 475, 1100, 625, 440, 22, IS, 283, https://prezenta.roaep.ro/locale09062024/data/shared/sicpv/partial/pv_eup_sv_is_95391_283_gnrtd_1718032818.pdf
3, 656, 1100, 441, 613, 43, IS, 397, https://prezenta.roaep.ro/locale09062024/data/shared/sicpv/partial/pv_eup_sv_is_100282_397_gnrtd_1718001578.pdf
8, 353, 816, 463, 308, 37, IS, 582, https://prezenta.roaep.ro/locale09062024/data/shared/sicpv/partial/pv_eup_sv_is_98257_582_gnrtd_1718018229.pdf
1, 163, 800, 636, 153, 10, IS, 203, https://prezenta.roaep.ro/locale09062024/data/shared/sicpv/partial/pv_eup_sv_is_95060_203_gnrtd_1717997485.pdf
1, 93, 1800, 1707, 86, 6, IS, 592, https://prezenta.roaep.ro/locale09062024/data/shared/sicpv/partial/pv_eup_sv_is_98435_592_gnrtd_1718104844.pdf
1, 365, 1000, 634, 359, 6, IS, 97, https://prezenta.roaep.ro/locale09062024/data/shared/sicpv/partial/pv_eup_sv_is_95060_97_gnrtd_1718017040.pdf
13, 881, 1900, 1019, 855, 13, IS, 383, https://prezenta.roaep.ro/locale09062024/data/shared/sicpv/partial/pv_eup_sv_is_96254_383_gnrtd_1718096315.pdf
3, 428, 1900, 1472, 411, 14, IS, 189, https://prezenta.roaep.ro/locale09062024/data/shared/sicpv/partial/pv_eup_sv_is_95060_189_gnrtd_1718015440.pdf
3, 739, 1900, 1158, 709, 30, IS, 126, https://prezenta.roaep.ro/locale09062024/data/shared/sicpv/partial/pv_eup_sv_is_95060_126_gnrtd_1718014797.pdf
11, 587, 1400, 813, 523, 53, IS, 408, https://prezenta.roaep.ro/locale09062024/data/shared/sicpv/partial/pv_eup_sv_is_96478_408_gnrtd_1718011161.pdf
9, 455, 1200, 745, 425, 21, IS, 265, https://prezenta.roaep.ro/locale09062024/data/shared/sicpv/partial/pv_eup_sv_is_95391_265_gnrtd_1718033384.pdf
18, 717, 1500, 783, 663, 36, IS, 770, https://prezenta.roaep.ro/locale09062024/data/shared/sicpv/partial/pv_eup_sv_is_100148_770_gnrtd_1718013500.pdf
10, 229, 500, 268, 208, 14, IS, 654, https://prezenta.roaep.ro/locale09062024/data/shared/sicpv/partial/pv_eup_sv_is_98827_654_gnrtd_1718096847.pdf
44, 591, 1400, 765, 547, 44, IS, 285, https://prezenta.roaep.ro/locale09062024/data/shared/sicpv/partial/pv_eup_sv_is_95391_285_gnrtd_1718032767.pdf
2, 508, 1000, 492, 466, 40, IS, 449, https://prezenta.roaep.ro/locale09062024/data/shared/sicpv/partial/pv_eup_sv_is_97009_449_gnrtd_1718094866.pdf
1, 502, 1300, 797, 484, 18, IS, 621, https://prezenta.roaep.ro/locale09062024/data/shared/sicpv/partial/pv_eup_sv_is_95239_621_gnrtd_1718116575.pdf
3, 853, 1768, 912, 814, 39, IS, 195, https://prezenta.roaep.ro/locale09062024/data/shared/sicpv/partial/pv_eup_sv_is_95060_195_gnrtd_1718102858.pdf
12, 512, 1100, 588, 449, 51, IS, 658, https://prezenta.roaep.ro/locale09062024/data/shared/sicpv/partial/pv_eup_sv_is_98998_658_gnrtd_1718008795.pdf
1, 510, 1300, 789, 499, 11, IS, 219, https://prezenta.roaep.ro/locale09062024/data/shared/sicpv/partial/pv_eup_sv_is_95060_219_gnrtd_1718097049.pdf
1, 289, 500, 211, 271, 17, IS, 649, https://prezenta.roaep.ro/locale09062024/data/shared/sicpv/partial/pv_eup_sv_is_98827_649_gnrtd_1718095912.pdf
444, 574, 1030, 12, 562, 12, IS, 109, https://prezenta.roaep.ro/locale09062024/data/shared/sicpv/partial/pv_eup_sv_is_95060_109_gnrtd_1718095576.pdf
129, 772, 1400, 628, 606, 37, IS, 257, https://prezenta.roaep.ro/locale09062024/data/shared/sicpv/partial/pv_eup_sv_is_95060_257_gnrtd_1718099616.pdf
7, 803, 900, 528, 309, 56, IS, 441, https://prezenta.roaep.ro/locale09062024/data/shared/sicpv/partial/pv_eup_sv_is_96904_441_gnrtd_1718112699.pdf
1, 362, 700, 337, 331, 31, IS, 522, https://prezenta.roaep.ro/locale09062024/data/shared/sicpv/partial/pv_eup_sv_is_97606_522_gnrtd_1718031323.pdf
14, 600, 1400, 786, 587, 13, IS, 128, https://prezenta.roaep.ro/locale09062024/data/shared/sicpv/partial/pv_eup_sv_is_95060_128_gnrtd_1717997408.pdf
3, 516, 1300, 784, 496, 17, IS, 130, https://prezenta.roaep.ro/locale09062024/data/shared/sicpv/partial/pv_eup_sv_is_95060_130_gnrtd_1718031939.pdf
11, 387, 900, 504, 375, 10, IS, 221, https://prezenta.roaep.ro/locale09062024/data/shared/sicpv/partial/pv_eup_sv_is_95060_221_gnrtd_1718099073.pdf
1, 584, 1492, 907, 539, 45, IS, 549, https://prezenta.roaep.ro/locale09062024/data/shared/sicpv/partial/pv_eup_sv_is_97919_549_gnrtd_1718105744.pdf
2, 395, 1000, 656, 331, 11, IS, 178, https://prezenta.roaep.ro/locale09062024/data/shared/sicpv/partial/pv_eup_sv_is_95060_178_gnrtd_1718027812.pdf
1, 648, 1500, 851, 625, 23, IS, 2, https://prezenta.roaep.ro/locale09062024/data/shared/sicpv/partial/pv_eup_sv_is_95060_2_gnrtd_1718007866.pdf
1, 435, 1300, 865, 407, 27, IS, 279, https://prezenta.roaep.ro/locale09062024/data/shared/sicpv/partial/pv_eup_sv_is_95391_279_gnrtd_1718033390.pdf
22, 527, 1700, 1173, 492, 13, IS, 110, https://prezenta.roaep.ro/locale09062024/data/shared/sicpv/partial/pv_eup_sv_is_95060_110_gnrtd_1717994755.pdf
2, 681, 1600, 917, 591, 90, IS, 368, https://prezenta.roaep.ro/locale09062024/data/shared/sicpv/partial/pv_eup_sv_is_100362_368_gnrtd_1718004433.pdf
1, 490, 1112, 621, 481, 9, IS, 120, https://prezenta.roaep.ro/locale09062024/data/shared/sicpv/partial/pv_eup_sv_is_95060_120_gnrtd_1718031174.pdf
12, 497, 1400, 903, 453, 32, IS, 613, https://prezenta.roaep.ro/locale09062024/data/shared/sicpv/partial/pv_eup_sv_is_98685_613_gnrtd_1718096140.pdf
5, 895, 2113, 1218, 867, 23, IS, 550, https://prezenta.roaep.ro/locale09062024/data/shared/sicpv/partial/pv_eup_sv_is_97919_550_gnrtd_1718116197.pdf
1, 219, 1800, 1580, 209, 10, IS, 169, https://prezenta.roaep.ro/locale09062024/data/shared/sicpv/partial/pv_eup_sv_is_95060_169_gnrtd_1718002566.pdf
4, 381, 900, 519, 333, 44, IS, 369, https://prezenta.roaep.ro/locale09062024/data/shared/sicpv/partial/pv_eup_sv_is_96192_369_gnrtd_1718117688.pdf
1, 805, 1301, 530, 674, 96, IS, 535, https://prezenta.roaep.ro/locale09062024/data/shared/sicpv/partial/pv_eup_sv_is_97777_535_gnrtd_1718115115.pdf
17, 676, 1600, 909, 659, 15, IS, 554, https://prezenta.roaep.ro/locale09062024/data/shared/sicpv/partial/pv_eup_sv_is_97919_554_gnrtd_1718032266.pdf
10, 319, 1000, 671, 309, 10, IS, 202, https://prezenta.roaep.ro/locale09062024/data/shared/sicpv/partial/pv_eup_sv_is_95060_202_gnrtd_1717992222.pdf
9, 389, 900, 507, 360, 24, IS, 743, https://prezenta.roaep.ro/locale09062024/data/shared/sicpv/partial/pv_eup_sv_is_96003_743_gnrtd_1718009183.pdf
1, 375, 1200, 825, 315, 59, IS, 541, https://prezenta.roaep.ro/locale09062024/data/shared/sicpv/partial/pv_eup_sv_is_97875_541_gnrtd_1718106619.pdf
1, 368, 1100, 731, 350, 18, IS, 393, https://prezenta.roaep.ro/locale09062024/data/shared/sicpv/partial/pv_eup_sv_is_96370_393_gnrtd_1718117983.pdf
7, 119, 212, 93, 105, 7, IS, 358, https://prezenta.roaep.ro/locale09062024/data/shared/sicpv/partial/pv_eup_sv_is_96058_358_gnrtd_1718097658.pdf
34, 399, 800, 377, 365, 24, IS, 744, https://prezenta.roaep.ro/locale09062024/data/shared/sicpv/partial/pv_eup_sv_is_96003_744_gnrtd_1718114215.pdf
19, 648, 1500, 833, 629, 19, IS, 255, https://prezenta.roaep.ro/locale09062024/data/shared/sicpv/partial/pv_eup_sv_is_95060_255_gnrtd_1718097865.pdf
5, 954, 1900, 941, 935, 19, IS, 752, https://prezenta.roaep.ro/locale09062024/data/shared/sicpv/partial/pv_eup_sv_is_100353_752_gnrtd_1718020166.pdf
17, 327, 500, 173, 302, 8, IS, 43, https://prezenta.roaep.ro/locale09062024/data/shared/sicpv/partial/pv_eup_sv_is_95060_43_gnrtd_1718027766.pdf
1, 428, 900, 471, 397, 31, IS, 666, https://prezenta.roaep.ro/locale09062024/data/shared/sicpv/partial/pv_eup_sv_is_99058_666_gnrtd_1718034224.pdf
2, 723, 1700, 975, 677, 46, IS, 314, https://prezenta.roaep.ro/locale09062024/data/shared/sicpv/partial/pv_eup_sv_is_95471_314_gnrtd_1718022978.pdf
7, 263, 1200, 931, 250, 12, IS, 176, https://prezenta.roaep.ro/locale09062024/data/shared/sicpv/partial/pv_eup_sv_is_95060_176_gnrtd_1718021032.pdf
14, 228, 400, 158, 204, 24, IS, 398, https://prezenta.roaep.ro/locale09062024/data/shared/sicpv/partial/pv_eup_sv_is_100282_398_gnrtd_1718001699.pdf
1, 296, 1600, 1304, 227, 68, IS, 470, https://prezenta.roaep.ro/locale09062024/data/shared/sicpv/partial/pv_eup_sv_is_97241_470_gnrtd_1717987621.pdf
1, 565, 1700, 1134, 528, 37, IS, 362, https://prezenta.roaep.ro/locale09062024/data/shared/sicpv/partial/pv_eup_sv_is_96110_362_gnrtd_1718018684.pdf
25, 576, 1500, 899, 558, 18, IS, 499, https://prezenta.roaep.ro/locale09062024/data/shared/sicpv/partial/pv_eup_sv_is_95159_499_gnrtd_1718002252.pdf
17, 437, 1100, 663, 394, 26, IS, 344, https://prezenta.roaep.ro/locale09062024/data/shared/sicpv/partial/pv_eup_sv_is_95872_344_gnrtd_1718019188.pdf
13, 563, 1100, 547, 535, 5, IS, 289, https://prezenta.roaep.ro/locale09062024/data/shared/sicpv/partial/pv_eup_sv_is_95391_289_gnrtd_1718286724.pdf
3, 815, 2100, 1282, 779, 36, MH, 46, https://prezenta.roaep.ro/locale09062024/data/shared/sicpv/partial/pv_eup_sv_mh_109773_46_gnrtd_1718033854.pdf
49, 352, 734, 333, 331, 21, MH, 190, https://prezenta.roaep.ro/locale09062024/data/shared/sicpv/partial/pv_eup_sv_mh_112030_190_gnrtd_1718015784.pdf
3, 508, 1300, 789, 492, 16, MH, 31, https://prezenta.roaep.ro/locale09062024/data/shared/sicpv/partial/pv_eup_sv_mh_109773_31_gnrtd_1718025891.pdf
48, 951, 1500, 501, 877, 74, MM, 413, https://prezenta.roaep.ro/locale09062024/data/shared/sicpv/partial/pv_eup_sv_mm_109041_413_gnrtd_1718093456.pdf
2, 729, 1800, 1071, 694, 33, MM, 221, https://prezenta.roaep.ro/locale09062024/data/shared/sicpv/partial/pv_eup_sv_mm_106979_221_gnrtd_1718203137.pdf
18, 523, 1590, 1049, 505, 18, MM, 73, https://prezenta.roaep.ro/locale09062024/data/shared/sicpv/partial/pv_eup_sv_mm_106318_73_gnrtd_1718118337.pdf
1, 322, 600, 278, 296, 25, MM, 317, https://prezenta.roaep.ro/locale09062024/data/shared/sicpv/partial/pv_eup_sv_mm_108106_317_gnrtd_1718012836.pdf
9, 274, 600, 317, 265, 9, MM, 181, https://prezenta.roaep.ro/locale09062024/data/shared/sicpv/partial/pv_eup_sv_mm_106461_181_gnrtd_1718017484.pdf
11, 615, 1500, 885, 589, 15, MM, 133, https://prezenta.roaep.ro/locale09062024/data/shared/sicpv/partial/pv_eup_sv_mm_106746_133_gnrtd_1718047362.pdf
12, 860, 1500, 640, 821, 27, MM, 407, https://prezenta.roaep.ro/locale09062024/data/shared/sicpv/partial/pv_eup_sv_mm_108945_407_gnrtd_1718030797.pdf
11, 541, 900, 359, 520, 10, MM, 273, https://prezenta.roaep.ro/locale09062024/data/shared/sicpv/partial/pv_eup_sv_mm_107582_273_gnrtd_1718125792.pdf
2, 629, 800, 171, 596, 31, MM, 364, https://prezenta.roaep.ro/locale09062024/data/shared/sicpv/partial/pv_eup_sv_mm_179604_364_gnrtd_1718178069.pdf
8, 491, 1000, 509, 431, 52, MM, 219, https://prezenta.roaep.ro/locale09062024/data/shared/sicpv/partial/pv_eup_sv_mm_106979_219_gnrtd_1718203620.pdf
78, 1010, 1499, 489, 848, 84, MM, 404, https://prezenta.roaep.ro/locale09062024/data/shared/sicpv/partial/pv_eup_sv_mm_108874_404_gnrtd_1718114084.pdf
1, 261, 401, 140, 246, 14, MM, 292, https://prezenta.roaep.ro/locale09062024/data/shared/sicpv/partial/pv_eup_sv_mm_107733_292_gnrtd_1718005146.pdf
1, 405, 1000, 595, 379, 25, MM, 215, https://prezenta.roaep.ro/locale09062024/data/shared/sicpv/partial/pv_eup_sv_mm_106979_215_gnrtd_1718204286.pdf
2, 1145, 2100, 955, 1041, 102, MM, 387, https://prezenta.roaep.ro/locale09062024/data/shared/sicpv/partial/pv_eup_sv_mm_108669_387_gnrtd_1718045987.pdf
10, 371, 700, 329, 338, 23, MM, 243, https://prezenta.roaep.ro/locale09062024/data/shared/sicpv/partial/pv_eup_sv_mm_107314_243_gnrtd_1718046072.pdf
3, 629, 1600, 971, 616, 10, MM, 49, https://prezenta.roaep.ro/locale09062024/data/shared/sicpv/partial/pv_eup_sv_mm_106318_49_gnrtd_1718029544.pdf
1, 716, 1400, 683, 674, 42, MM, 252, https://prezenta.roaep.ro/locale09062024/data/shared/sicpv/partial/pv_eup_sv_mm_107350_252_gnrtd_1718037978.pdf
10, 383, 780, 397, 370, 3, MM, 162, https://prezenta.roaep.ro/locale09062024/data/shared/sicpv/partial/pv_eup_sv_mm_108963_162_gnrtd_1718028046.pdf
17, 484, 1500, 1016, 459, 8, MM, 37, https://prezenta.roaep.ro/locale09062024/data/shared/sicpv/partial/pv_eup_sv_mm_106318_37_gnrtd_1718091242.pdf
20, 509, 800, 283, 484, 13, MM, 285, https://prezenta.roaep.ro/locale09062024/data/shared/sicpv/partial/pv_eup_sv_mm_107733_285_gnrtd_1718037745.pdf
2, 256, 500, 244, 247, 7, MM, 315, https://prezenta.roaep.ro/locale09062024/data/shared/sicpv/partial/pv_eup_sv_mm_108035_315_gnrtd_1717984281.pdf
1, 327, 500, 173, 308, 18, MM, 318, https://prezenta.roaep.ro/locale09062024/data/shared/sicpv/partial/pv_eup_sv_mm_108106_318_gnrtd_1718002453.pdf
3, 819, 1700, 878, 793, 26, MM, 175, https://prezenta.roaep.ro/locale09062024/data/shared/sicpv/partial/pv_eup_sv_mm_106461_175_gnrtd_1718108795.pdf
3, 505, 1000, 492, 460, 45, MM, 362, https://prezenta.roaep.ro/locale09062024/data/shared/sicpv/partial/pv_eup_sv_mm_108473_362_gnrtd_1718112065.pdf
4, 357, 1000, 639, 343, 14, MM, 95, https://prezenta.roaep.ro/locale09062024/data/shared/sicpv/partial/pv_eup_sv_mm_106559_95_gnrtd_1718042840.pdf
10, 508, 1500, 992, 481, 17, MM, 149, https://prezenta.roaep.ro/locale09062024/data/shared/sicpv/partial/pv_eup_sv_mm_106746_149_gnrtd_1718051869.pdf
100, 172, 300, 36, 143, 21, MM, 352, https://prezenta.roaep.ro/locale09062024/data/shared/sicpv/partial/pv_eup_sv_mm_108400_352_gnrtd_1718008099.pdf
1, 583, 1100, 517, 551, 31, MM, 426, https://prezenta.roaep.ro/locale09062024/data/shared/sicpv/partial/pv_eup_sv_mm_106648_426_gnrtd_1718020707.pdf
2, 871, 1600, 729, 755, 114, MM, 334, https://prezenta.roaep.ro/locale09062024/data/shared/sicpv/partial/pv_eup_sv_mm_108240_334_gnrtd_1718120228.pdf
8, 580, 1500, 920, 543, 29, MM, 23, https://prezenta.roaep.ro/locale09062024/data/shared/sicpv/partial/pv_eup_sv_mm_106318_23_gnrtd_1718114814.pdf
1, 260, 402, 141, 242, 18, MM, 191, https://prezenta.roaep.ro/locale09062024/data/shared/sicpv/partial/pv_eup_sv_mm_106817_191_gnrtd_1718129334.pdf
1, 574, 1517, 943, 565, 8, MM, 38, https://prezenta.roaep.ro/locale09062024/data/shared/sicpv/partial/pv_eup_sv_mm_106318_38_gnrtd_1718040908.pdf
3, 771, 1700, 929, 749, 19, MM, 8, https://prezenta.roaep.ro/locale09062024/data/shared/sicpv/partial/pv_eup_sv_mm_106318_8_gnrtd_1718129257.pdf
2, 356, 1000, 644, 333, 21, MM, 214, https://prezenta.roaep.ro/locale09062024/data/shared/sicpv/partial/pv_eup_sv_mm_106979_214_gnrtd_1718203383.pdf
26, 515, 900, 359, 489, 26, MM, 178, https://prezenta.roaep.ro/locale09062024/data/shared/sicpv/partial/pv_eup_sv_mm_106461_178_gnrtd_1718103460.pdf
11, 572, 1400, 834, 555, 0, MM, 119, https://prezenta.roaep.ro/locale09062024/data/shared/sicpv/partial/pv_eup_sv_mm_106684_119_gnrtd_1718011496.pdf
4, 577, 1400, 819, 564, 13, MM, 42, https://prezenta.roaep.ro/locale09062024/data/shared/sicpv/partial/pv_eup_sv_mm_106318_42_gnrtd_1718111501.pdf
2, 521, 1000, 479, 502, 17, MM, 177, https://prezenta.roaep.ro/locale09062024/data/shared/sicpv/partial/pv_eup_sv_mm_106461_177_gnrtd_1718024011.pdf
1, 483, 1500, 1017, 461, 21, MM, 90, https://prezenta.roaep.ro/locale09062024/data/shared/sicpv/partial/pv_eup_sv_mm_106559_90_gnrtd_1718022768.pdf
1, 94, 130, 35, 90, 4, MS, 393, https://prezenta.roaep.ro/locale09062024/data/shared/sicpv/partial/pv_eup_sv_ms_117113_393_gnrtd_1717980448.pdf
2, 370, 890, 520, 335, 33, MS, 332, https://prezenta.roaep.ro/locale09062024/data/shared/sicpv/partial/pv_eup_sv_ms_114355_332_gnrtd_1718024810.pdf
70, 782, 1670, 818, 756, 26, MS, 175, https://prezenta.roaep.ro/locale09062024/data/shared/sicpv/partial/pv_eup_sv_ms_118281_175_gnrtd_1718024083.pdf
23, 664, 1260, 573, 616, 48, MS, 269, https://prezenta.roaep.ro/locale09062024/data/shared/sicpv/partial/pv_eup_sv_ms_115637_269_gnrtd_1718106128.pdf
1, 406, 690, 284, 369, 36, MS, 428, https://prezenta.roaep.ro/locale09062024/data/shared/sicpv/partial/pv_eup_sv_ms_117667_428_gnrtd_1718110379.pdf
2, 698, 1490, 790, 668, 30, MS, 87, https://prezenta.roaep.ro/locale09062024/data/shared/sicpv/partial/pv_eup_sv_ms_114809_87_gnrtd_1718033287.pdf
8, 813, 1660, 839, 799, 14, MS, 23, https://prezenta.roaep.ro/locale09062024/data/shared/sicpv/partial/pv_eup_sv_ms_114319_23_gnrtd_1718026720.pdf
2, 982, 1920, 938, 952, 28, MS, 19, https://prezenta.roaep.ro/locale09062024/data/shared/sicpv/partial/pv_eup_sv_ms_114319_19_gnrtd_1718095558.pdf
1, 59, 110, 51, 52, 6, MS, 254, https://prezenta.roaep.ro/locale09062024/data/shared/sicpv/partial/pv_eup_sv_ms_115389_254_gnrtd_1718020208.pdf
14, 653, 1400, 733, 643, 10, MS, 66, https://prezenta.roaep.ro/locale09062024/data/shared/sicpv/partial/pv_eup_sv_ms_114319_66_gnrtd_1717987538.pdf
1, 630, 1181, 551, 599, 30, MS, 322, https://prezenta.roaep.ro/locale09062024/data/shared/sicpv/partial/pv_eup_sv_ms_116288_322_gnrtd_1718018546.pdf
1, 505, 1324, 818, 486, 19, NT, 8, https://prezenta.roaep.ro/locale09062024/data/shared/sicpv/partial/pv_eup_sv_nt_120726_8_gnrtd_1718003740.pdf
1, 794, 1800, 1006, 755, 38, NT, 129, https://prezenta.roaep.ro/locale09062024/data/shared/sicpv/partial/pv_eup_sv_nt_124117_129_gnrtd_1718027840.pdf
5, 474, 1300, 821, 444, 30, NT, 91, https://prezenta.roaep.ro/locale09062024/data/shared/sicpv/partial/pv_eup_sv_nt_120860_91_gnrtd_1718026805.pdf
5, 743, 1829, 1086, 704, 34, OT, 26, https://prezenta.roaep.ro/locale09062024/data/shared/sicpv/partial/pv_eup_sv_ot_125347_26_gnrtd_1718182296.pdf
3, 738, 1661, 923, 716, 19, OT, 51, https://prezenta.roaep.ro/locale09062024/data/shared/sicpv/partial/pv_eup_sv_ot_125472_51_gnrtd_1718052799.pdf
8, 835, 1100, 257, 712, 123, OT, 126, https://prezenta.roaep.ro/locale09062024/data/shared/sicpv/partial/pv_eup_sv_ot_125659_126_gnrtd_1718102773.pdf
2, 263, 288, 25, 245, 16, OT, 239, https://prezenta.roaep.ro/locale09062024/data/shared/sicpv/partial/pv_eup_sv_ot_127411_239_gnrtd_1718045506.pdf
9, 504, 1169, 656, 495, 9, OT, 37, https://prezenta.roaep.ro/locale09062024/data/shared/sicpv/partial/pv_eup_sv_ot_125347_37_gnrtd_1718034541.pdf
19, 609, 1459, 850, 590, 0, OT, 57, https://prezenta.roaep.ro/locale09062024/data/shared/sicpv/partial/pv_eup_sv_ot_125472_57_gnrtd_1718039017.pdf
9, 636, 1071, 426, 600, 36, OT, 336, https://prezenta.roaep.ro/locale09062024/data/shared/sicpv/partial/pv_eup_sv_ot_129460_336_gnrtd_1718140159.pdf
6, 467, 673, 200, 451, 16, OT, 168, https://prezenta.roaep.ro/locale09062024/data/shared/sicpv/partial/pv_eup_sv_ot_126503_168_gnrtd_1718263503.pdf
19, 550, 1031, 462, 505, 45, OT, 197, https://prezenta.roaep.ro/locale09062024/data/shared/sicpv/partial/pv_eup_sv_ot_127019_197_gnrtd_1718033581.pdf
24, 371, 511, 116, 347, 24, OT, 273, https://prezenta.roaep.ro/locale09062024/data/shared/sicpv/partial/pv_eup_sv_ot_127983_273_gnrtd_1718025979.pdf
1, 393, 531, 137, 372, 21, OT, 229, https://prezenta.roaep.ro/locale09062024/data/shared/sicpv/partial/pv_eup_sv_ot_127322_229_gnrtd_1718107297.pdf
12, 381, 570, 177, 369, 12, OT, 267, https://prezenta.roaep.ro/locale09062024/data/shared/sicpv/partial/pv_eup_sv_ot_127938_267_gnrtd_1718105802.pdf
1, 729, 1560, 830, 684, 45, OT, 226, https://prezenta.roaep.ro/locale09062024/data/shared/sicpv/partial/pv_eup_sv_ot_127288_226_gnrtd_1718201581.pdf
2, 269, 396, 127, 248, 19, OT, 366, https://prezenta.roaep.ro/locale09062024/data/shared/sicpv/partial/pv_eup_sv_ot_129914_366_gnrtd_1717989516.pdf
2, 917, 1389, 470, 867, 50, OT, 277, https://prezenta.roaep.ro/locale09062024/data/shared/sicpv/partial/pv_eup_sv_ot_128221_277_gnrtd_1718140379.pdf
2, 678, 1005, 325, 647, 31, OT, 256, https://prezenta.roaep.ro/locale09062024/data/shared/sicpv/partial/pv_eup_sv_ot_127714_256_gnrtd_1718043965.pdf
20, 731, 1498, 747, 711, 20, OT, 47, https://prezenta.roaep.ro/locale09062024/data/shared/sicpv/partial/pv_eup_sv_ot_125347_47_gnrtd_1718046273.pdf
11, 575, 1275, 689, 553, 22, OT, 16, https://prezenta.roaep.ro/locale09062024/data/shared/sicpv/partial/pv_eup_sv_ot_125347_16_gnrtd_1718108028.pdf
1, 380, 758, 378, 366, 13, PH, 469, https://prezenta.roaep.ro/locale09062024/data/shared/sicpv/partial/pv_eup_sv_ph_134014_469_gnrtd_1717994756.pdf
39, 779, 1600, 841, 690, 30, PH, 210, https://prezenta.roaep.ro/locale09062024/data/shared/sicpv/partial/pv_eup_sv_ph_131103_210_gnrtd_1718034693.pdf
7, 553, 1300, 747, 532, 14, PH, 29, https://prezenta.roaep.ro/locale09062024/data/shared/sicpv/partial/pv_eup_sv_ph_130534_29_gnrtd_1718044440.pdf
4, 567, 1500, 929, 539, 28, PH, 42, https://prezenta.roaep.ro/locale09062024/data/shared/sicpv/partial/pv_eup_sv_ph_130534_42_gnrtd_1718023318.pdf
30, 618, 1500, 882, 573, 15, PH, 60, https://prezenta.roaep.ro/locale09062024/data/shared/sicpv/partial/pv_eup_sv_ph_130534_60_gnrtd_1718095014.pdf
3, 458, 1000, 539, 443, 15, PH, 50, https://prezenta.roaep.ro/locale09062024/data/shared/sicpv/partial/pv_eup_sv_ph_130534_50_gnrtd_1718099367.pdf
4, 389, 900, 511, 374, 11, PH, 212, https://prezenta.roaep.ro/locale09062024/data/shared/sicpv/partial/pv_eup_sv_ph_131103_212_gnrtd_1718011721.pdf
1, 278, 499, 230, 246, 22, PH, 518, https://prezenta.roaep.ro/locale09062024/data/shared/sicpv/partial/pv_eup_sv_ph_134648_518_gnrtd_1718021404.pdf
2, 937, 1600, 663, 878, 57, PH, 252, https://prezenta.roaep.ro/locale09062024/data/shared/sicpv/partial/pv_eup_sv_ph_131540_252_gnrtd_1718029608.pdf
1, 575, 1000, 425, 548, 26, PH, 220, https://prezenta.roaep.ro/locale09062024/data/shared/sicpv/partial/pv_eup_sv_ph_131210_220_gnrtd_1718029143.pdf
15, 671, 1811, 1125, 633, 38, PH, 179, https://prezenta.roaep.ro/locale09062024/data/shared/sicpv/partial/pv_eup_sv_ph_131256_179_gnrtd_1718036494.pdf
4, 386, 706, 320, 360, 22, PH, 573, https://prezenta.roaep.ro/locale09062024/data/shared/sicpv/partial/pv_eup_sv_ph_135618_573_gnrtd_1717998043.pdf
1, 545, 933, 387, 513, 32, PH, 446, https://prezenta.roaep.ro/locale09062024/data/shared/sicpv/partial/pv_eup_sv_ph_131835_446_gnrtd_1718018032.pdf
18, 477, 1200, 724, 440, 18, PH, 134, https://prezenta.roaep.ro/locale09062024/data/shared/sicpv/partial/pv_eup_sv_ph_130534_134_gnrtd_1718033908.pdf
48, 754, 1400, 646, 706, 0, PH, 213, https://prezenta.roaep.ro/locale09062024/data/shared/sicpv/partial/pv_eup_sv_ph_131103_213_gnrtd_1718045995.pdf
6, 691, 1700, 1008, 621, 65, PH, 354, https://prezenta.roaep.ro/locale09062024/data/shared/sicpv/partial/pv_eup_sv_ph_130785_354_gnrtd_1718032873.pdf
14, 472, 1200, 729, 436, 21, PH, 87, https://prezenta.roaep.ro/locale09062024/data/shared/sicpv/partial/pv_eup_sv_ph_130534_87_gnrtd_1718095590.pdf
1, 516, 1000, 484, 496, 19, PH, 282, https://prezenta.roaep.ro/locale09062024/data/shared/sicpv/partial/pv_eup_sv_ph_131817_282_gnrtd_1718013460.pdf
1, 451, 800, 349, 435, 15, PH, 258, https://prezenta.roaep.ro/locale09062024/data/shared/sicpv/partial/pv_eup_sv_ph_131540_258_gnrtd_1718028835.pdf
1, 474, 1300, 825, 444, 30, PH, 43, https://prezenta.roaep.ro/locale09062024/data/shared/sicpv/partial/pv_eup_sv_ph_130534_43_gnrtd_1718052229.pdf
10, 639, 1500, 851, 607, 32, PH, 167, https://prezenta.roaep.ro/locale09062024/data/shared/sicpv/partial/pv_eup_sv_ph_131256_167_gnrtd_1718041231.pdf
2, 539, 1600, 1059, 509, 30, PH, 39, https://prezenta.roaep.ro/locale09062024/data/shared/sicpv/partial/pv_eup_sv_ph_130534_39_gnrtd_1718026868.pdf
3, 514, 1400, 888, 486, 23, PH, 150, https://prezenta.roaep.ro/locale09062024/data/shared/sicpv/partial/pv_eup_sv_ph_130534_150_gnrtd_1718021571.pdf
49, 614, 1300, 686, 547, 18, PH, 172, https://prezenta.roaep.ro/locale09062024/data/shared/sicpv/partial/pv_eup_sv_ph_131256_172_gnrtd_1718035707.pdf
5, 584, 1100, 516, 520, 59, PH, 190, https://prezenta.roaep.ro/locale09062024/data/shared/sicpv/partial/pv_eup_sv_ph_130981_190_gnrtd_1718009291.pdf
18, 411, 1100, 672, 393, 17, PH, 31, https://prezenta.roaep.ro/locale09062024/data/shared/sicpv/partial/pv_eup_sv_ph_130534_31_gnrtd_1718028221.pdf
1, 807, 1400, 592, 740, 67, PH, 502, https://prezenta.roaep.ro/locale09062024/data/shared/sicpv/partial/pv_eup_sv_ph_134443_502_gnrtd_1718016663.pdf
20, 922, 1500, 578, 847, 55, PH, 525, https://prezenta.roaep.ro/locale09062024/data/shared/sicpv/partial/pv_eup_sv_ph_134899_525_gnrtd_1718024926.pdf
4, 998, 2400, 1410, 944, 42, PH, 336, https://prezenta.roaep.ro/locale09062024/data/shared/sicpv/partial/pv_eup_sv_ph_130678_336_gnrtd_1718035727.pdf
4, 498, 1300, 802, 466, 28, PH, 148, https://prezenta.roaep.ro/locale09062024/data/shared/sicpv/partial/pv_eup_sv_ph_130534_148_gnrtd_1718050260.pdf
3, 613, 700, 84, 584, 29, PH, 542, https://prezenta.roaep.ro/locale09062024/data/shared/sicpv/partial/pv_eup_sv_ph_135146_542_gnrtd_1718039236.pdf
2, 322, 600, 278, 305, 15, PH, 318, https://prezenta.roaep.ro/locale09062024/data/shared/sicpv/partial/pv_eup_sv_ph_130552_318_gnrtd_1718023094.pdf
29, 519, 1500, 981, 462, 28, PH, 41, https://prezenta.roaep.ro/locale09062024/data/shared/sicpv/partial/pv_eup_sv_ph_130534_41_gnrtd_1718093342.pdf
3, 712, 1300, 589, 687, 21, PH, 199, https://prezenta.roaep.ro/locale09062024/data/shared/sicpv/partial/pv_eup_sv_ph_131069_199_gnrtd_1718027025.pdf
17, 690, 1300, 610, 626, 47, PH, 412, https://prezenta.roaep.ro/locale09062024/data/shared/sicpv/partial/pv_eup_sv_ph_133161_412_gnrtd_1718024839.pdf
49, 440, 800, 360, 380, 11, PH, 46, https://prezenta.roaep.ro/locale09062024/data/shared/sicpv/partial/pv_eup_sv_ph_130534_46_gnrtd_1718053214.pdf
1, 545, 1100, 555, 496, 48, PH, 620, https://prezenta.roaep.ro/locale09062024/data/shared/sicpv/partial/pv_eup_sv_ph_136134_620_gnrtd_1718024762.pdf
1, 593, 1600, 1007, 569, 23, PH, 118, https://prezenta.roaep.ro/locale09062024/data/shared/sicpv/partial/pv_eup_sv_ph_130534_118_gnrtd_1717992985.pdf
12, 779, 1400, 621, 717, 50, PH, 473, https://prezenta.roaep.ro/locale09062024/data/shared/sicpv/partial/pv_eup_sv_ph_134050_473_gnrtd_1718021482.pdf
8, 1007, 2151, 1144, 967, 32, S1, 27, https://prezenta.roaep.ro/locale09062024/data/shared/sicpv/partial/pv_eup_sv_sector_s1_179141_27_gnrtd_1718176748.pdf
1, 1248, 2235, 987, 1229, 18, S1, 166, https://prezenta.roaep.ro/locale09062024/data/shared/sicpv/partial/pv_eup_sv_sector_s1_179141_166_gnrtd_1718107563.pdf
5, 686, 1401, 715, 662, 19, S1, 20, https://prezenta.roaep.ro/locale09062024/data/shared/sicpv/partial/pv_eup_sv_sector_s1_179141_20_gnrtd_1718207489.pdf
6, 824, 1821, 997, 813, 5, S1, 40, https://prezenta.roaep.ro/locale09062024/data/shared/sicpv/partial/pv_eup_sv_sector_s1_179141_40_gnrtd_1718212654.pdf
8, 945, 2259, 1306, 923, 22, S1, 26, https://prezenta.roaep.ro/locale09062024/data/shared/sicpv/partial/pv_eup_sv_sector_s1_179141_26_gnrtd_1718162438.pdf
4, 856, 1451, 595, 834, 18, S1, 43, https://prezenta.roaep.ro/locale09062024/data/shared/sicpv/partial/pv_eup_sv_sector_s1_179141_43_gnrtd_1718133724.pdf
1, 562, 862, 300, 547, 14, S1, 34, https://prezenta.roaep.ro/locale09062024/data/shared/sicpv/partial/pv_eup_sv_sector_s1_179141_34_gnrtd_1718025392.pdf
2, 462, 980, 518, 448, 12, S1, 60, https://prezenta.roaep.ro/locale09062024/data/shared/sicpv/partial/pv_eup_sv_sector_s1_179141_60_gnrtd_1718142505.pdf
3, 704, 1440, 736, 677, 24, S1, 44, https://prezenta.roaep.ro/locale09062024/data/shared/sicpv/partial/pv_eup_sv_sector_s1_179141_44_gnrtd_1718148040.pdf
8, 923, 1831, 908, 906, 9, S1, 131, https://prezenta.roaep.ro/locale09062024/data/shared/sicpv/partial/pv_eup_sv_sector_s1_179141_131_gnrtd_1718158989.pdf
8, 575, 1281, 708, 551, 14, S1, 136, https://prezenta.roaep.ro/locale09062024/data/shared/sicpv/partial/pv_eup_sv_sector_s1_179141_136_gnrtd_1718029518.pdf
5, 534, 1199, 665, 510, 19, S1, 122, https://prezenta.roaep.ro/locale09062024/data/shared/sicpv/partial/pv_eup_sv_sector_s1_179141_122_gnrtd_1718180031.pdf
14, 859, 1740, 867, 843, 16, S1, 163, https://prezenta.roaep.ro/locale09062024/data/shared/sicpv/partial/pv_eup_sv_sector_s1_179141_163_gnrtd_1718137687.pdf
400, 567, 1271, 304, 550, 17, S1, 89, https://prezenta.roaep.ro/locale09062024/data/shared/sicpv/partial/pv_eup_sv_sector_s1_179141_89_gnrtd_1718102006.pdf
3, 770, 2200, 1430, 754, 13, S1, 1, https://prezenta.roaep.ro/locale09062024/data/shared/sicpv/partial/pv_eup_sv_sector_s1_179141_1_gnrtd_1718117880.pdf
2, 523, 941, 420, 507, 12, S1, 17, https://prezenta.roaep.ro/locale09062024/data/shared/sicpv/partial/pv_eup_sv_sector_s1_179141_17_gnrtd_1718034179.pdf
27, 892, 2118, 1199, 859, 33, S1, 153, https://prezenta.roaep.ro/locale09062024/data/shared/sicpv/partial/pv_eup_sv_sector_s1_179141_153_gnrtd_1718102623.pdf
50, 889, 1821, 883, 872, 16, S1, 49, https://prezenta.roaep.ro/locale09062024/data/shared/sicpv/partial/pv_eup_sv_sector_s1_179141_49_gnrtd_1718114040.pdf
372, 989, 2161, 800, 975, 14, S1, 28, https://prezenta.roaep.ro/locale09062024/data/shared/sicpv/partial/pv_eup_sv_sector_s1_179141_28_gnrtd_1718105794.pdf
9, 743, 1371, 619, 727, 16, S1, 54, https://prezenta.roaep.ro/locale09062024/data/shared/sicpv/partial/pv_eup_sv_sector_s1_179141_54_gnrtd_1718134419.pdf
8, 734, 1491, 757, 709, 17, S1, 125, https://prezenta.roaep.ro/locale09062024/data/shared/sicpv/partial/pv_eup_sv_sector_s1_179141_125_gnrtd_1718104465.pdf
22, 1853, 2011, 1041, 918, 30, S1, 15, https://prezenta.roaep.ro/locale09062024/data/shared/sicpv/partial/pv_eup_sv_sector_s1_179141_15_gnrtd_1718142600.pdf
1, 434, 931, 497, 424, 9, S1, 81, https://prezenta.roaep.ro/locale09062024/data/shared/sicpv/partial/pv_eup_sv_sector_s1_179132_81_gnrtd_1718004684.pdf
12, 754, 1598, 844, 724, 18, S1, 119, https://prezenta.roaep.ro/locale09062024/data/shared/sicpv/partial/pv_eup_sv_sector_s1_179141_119_gnrtd_1718133662.pdf
4, 502, 1251, 749, 485, 13, S1, 99, https://prezenta.roaep.ro/locale09062024/data/shared/sicpv/partial/pv_eup_sv_sector_s1_179141_99_gnrtd_1718159237.pdf
22, 544, 1090, 524, 524, 20, S1, 127, https://prezenta.roaep.ro/locale09062024/data/shared/sicpv/partial/pv_eup_sv_sector_s1_179132_127_gnrtd_1717999351.pdf
1, 643, 1300, 657, 630, 12, S1, 75, https://prezenta.roaep.ro/locale09062024/data/shared/sicpv/partial/pv_eup_sv_sector_s1_179132_75_gnrtd_1718002469.pdf
3, 671, 1321, 656, 655, 7, S1, 51, https://prezenta.roaep.ro/locale09062024/data/shared/sicpv/partial/pv_eup_sv_sector_s1_179141_51_gnrtd_1718145355.pdf
1, 398, 640, 242, 390, 7, S1, 69, https://prezenta.roaep.ro/locale09062024/data/shared/sicpv/partial/pv_eup_sv_sector_s1_179132_69_gnrtd_1717996208.pdf
2, 888, 1900, 1010, 861, 27, S2, 176, https://prezenta.roaep.ro/locale09062024/data/shared/sicpv/partial/pv_eup_sv_sector_s2_179150_176_gnrtd_1718034128.pdf
1, 886, 1900, 1013, 867, 19, S2, 179, https://prezenta.roaep.ro/locale09062024/data/shared/sicpv/partial/pv_eup_sv_sector_s2_179150_179_gnrtd_1718146725.pdf
4, 760, 2000, 1236, 747, 13, S2, 203, https://prezenta.roaep.ro/locale09062024/data/shared/sicpv/partial/pv_eup_sv_sector_s2_179150_203_gnrtd_1718301173.pdf
20, 770, 1800, 1030, 730, 20, S2, 182, https://prezenta.roaep.ro/locale09062024/data/shared/sicpv/partial/pv_eup_sv_sector_s2_179150_182_gnrtd_1718043740.pdf
2, 747, 1200, 451, 718, 29, S2, 294, https://prezenta.roaep.ro/locale09062024/data/shared/sicpv/partial/pv_eup_sv_sector_s2_179150_294_gnrtd_1718137357.pdf
1, 674, 1600, 926, 655, 18, S2, 256, https://prezenta.roaep.ro/locale09062024/data/shared/sicpv/partial/pv_eup_sv_sector_s2_179150_256_gnrtd_1718015309.pdf
1, 594, 1400, 805, 582, 12, S2, 367, https://prezenta.roaep.ro/locale09062024/data/shared/sicpv/partial/pv_eup_sv_sector_s2_179150_367_gnrtd_1718011447.pdf
2, 730, 1700, 968, 702, 28, S2, 310, https://prezenta.roaep.ro/locale09062024/data/shared/sicpv/partial/pv_eup_sv_sector_s2_179150_310_gnrtd_1718047498.pdf
1, 627, 1500, 873, 613, 13, S2, 353, https://prezenta.roaep.ro/locale09062024/data/shared/sicpv/partial/pv_eup_sv_sector_s2_179150_353_gnrtd_1718028179.pdf
35, 738, 1600, 862, 692, 11, S2, 311, https://prezenta.roaep.ro/locale09062024/data/shared/sicpv/partial/pv_eup_sv_sector_s2_179150_311_gnrtd_1718149467.pdf
9, 580, 1300, 722, 559, 10, S2, 303, https://prezenta.roaep.ro/locale09062024/data/shared/sicpv/partial/pv_eup_sv_sector_s2_179150_303_gnrtd_1718138852.pdf
27, 537, 1200, 636, 526, 11, S2, 331, https://prezenta.roaep.ro/locale09062024/data/shared/sicpv/partial/pv_eup_sv_sector_s2_179150_331_gnrtd_1718042007.pdf
1, 740, 1600, 860, 724, 15, S2, 357, https://prezenta.roaep.ro/locale09062024/data/shared/sicpv/partial/pv_eup_sv_sector_s2_179150_357_gnrtd_1718038345.pdf
2, 809, 2000, 1191, 780, 27, S2, 290, https://prezenta.roaep.ro/locale09062024/data/shared/sicpv/partial/pv_eup_sv_sector_s2_179150_290_gnrtd_1718134636.pdf
6, 671, 1700, 1023, 651, 20, S2, 220, https://prezenta.roaep.ro/locale09062024/data/shared/sicpv/partial/pv_eup_sv_sector_s2_179132_220_gnrtd_1717983852.pdf
4, 669, 1800, 1127, 647, 22, S2, 235, https://prezenta.roaep.ro/locale09062024/data/shared/sicpv/partial/pv_eup_sv_sector_s2_179150_235_gnrtd_1718013423.pdf
1, 614, 1600, 985, 595, 19, S2, 191, https://prezenta.roaep.ro/locale09062024/data/shared/sicpv/partial/pv_eup_sv_sector_s2_179150_191_gnrtd_1718050775.pdf
5, 797, 2113, 1316, 770, 22, S2, 368, https://prezenta.roaep.ro/locale09062024/data/shared/sicpv/partial/pv_eup_sv_sector_s2_179150_368_gnrtd_1718045580.pdf
8, 371, 1400, 1021, 352, 19, S2, 192, https://prezenta.roaep.ro/locale09062024/data/shared/sicpv/partial/pv_eup_sv_sector_s2_179150_192_gnrtd_1718031460.pdf
2, 645, 1210, 565, 632, 11, S2, 168, https://prezenta.roaep.ro/locale09062024/data/shared/sicpv/partial/pv_eup_sv_sector_s2_179150_168_gnrtd_1718051158.pdf
1, 645, 1807, 1162, 632, 12, S2, 215, https://prezenta.roaep.ro/locale09062024/data/shared/sicpv/partial/pv_eup_sv_sector_s2_179132_215_gnrtd_1718004711.pdf
2, 598, 1200, 600, 580, 18, S2, 318, https://prezenta.roaep.ro/locale09062024/data/shared/sicpv/partial/pv_eup_sv_sector_s2_179150_318_gnrtd_1718020755.pdf
18, 769, 1597, 810, 760, 9, S3, 397, https://prezenta.roaep.ro/locale09062024/data/shared/sicpv/partial/pv_eup_sv_sector_s3_179169_397_gnrtd_1718148203.pdf
1, 681, 1285, 603, 667, 14, S3, 497, https://prezenta.roaep.ro/locale09062024/data/shared/sicpv/partial/pv_eup_sv_sector_s3_179169_497_gnrtd_1718148445.pdf
14, 730, 1673, 942, 703, 14, S3, 529, https://prezenta.roaep.ro/locale09062024/data/shared/sicpv/partial/pv_eup_sv_sector_s3_179169_529_gnrtd_1718180946.pdf
11, 511, 1155, 635, 500, 9, S3, 595, https://prezenta.roaep.ro/locale09062024/data/shared/sicpv/partial/pv_eup_sv_sector_s3_179169_595_gnrtd_1718166496.pdf
4, 625, 1454, 825, 602, 23, S3, 390, https://prezenta.roaep.ro/locale09062024/data/shared/sicpv/partial/pv_eup_sv_sector_s3_179169_390_gnrtd_1718198960.pdf
2, 663, 1460, 797, 649, 12, S3, 387, https://prezenta.roaep.ro/locale09062024/data/shared/sicpv/partial/pv_eup_sv_sector_s3_179169_387_gnrtd_1718156549.pdf
3, 1029, 1958, 931, 990, 34, S3, 414, https://prezenta.roaep.ro/locale09062024/data/shared/sicpv/partial/pv_eup_sv_sector_s3_179169_414_gnrtd_1718119844.pdf
1, 681, 1701, 1020, 665, 15, S3, 600, https://prezenta.roaep.ro/locale09062024/data/shared/sicpv/partial/pv_eup_sv_sector_s3_179169_600_gnrtd_1718114604.pdf
7, 772, 1375, 596, 763, 9, S3, 482, https://prezenta.roaep.ro/locale09062024/data/shared/sicpv/partial/pv_eup_sv_sector_s3_179169_482_gnrtd_1718156324.pdf
5, 836, 1767, 931, 816, 15, S3, 438, https://prezenta.roaep.ro/locale09062024/data/shared/sicpv/partial/pv_eup_sv_sector_s3_179169_438_gnrtd_1718022901.pdf
2, 591, 1533, 942, 571, 18, S3, 537, https://prezenta.roaep.ro/locale09062024/data/shared/sicpv/partial/pv_eup_sv_sector_s3_179169_537_gnrtd_1718128569.pdf
2, 617, 1332, 715, 606, 9, S3, 464, https://prezenta.roaep.ro/locale09062024/data/shared/sicpv/partial/pv_eup_sv_sector_s3_179169_464_gnrtd_1718143415.pdf
6, 789, 1917, 1128, 749, 34, S3, 581, https://prezenta.roaep.ro/locale09062024/data/shared/sicpv/partial/pv_eup_sv_sector_s3_179169_581_gnrtd_1718130474.pdf
2, 624, 1529, 903, 613, 11, S3, 490, https://prezenta.roaep.ro/locale09062024/data/shared/sicpv/partial/pv_eup_sv_sector_s3_179169_490_gnrtd_1718189132.pdf
2, 592, 1436, 844, 575, 15, S3, 485, https://prezenta.roaep.ro/locale09062024/data/shared/sicpv/partial/pv_eup_sv_sector_s3_179169_485_gnrtd_1718170758.pdf
8, 1015, 2296, 1281, 984, 23, S3, 620, https://prezenta.roaep.ro/locale09062024/data/shared/sicpv/partial/pv_eup_sv_sector_s3_179169_620_gnrtd_1718268701.pdf
4, 727, 1740, 1013, 705, 18, S3, 454, https://prezenta.roaep.ro/locale09062024/data/shared/sicpv/partial/pv_eup_sv_sector_s3_179169_454_gnrtd_1718187412.pdf
1, 411, 897, 486, 399, 11, S3, 474, https://prezenta.roaep.ro/locale09062024/data/shared/sicpv/partial/pv_eup_sv_sector_s3_179169_474_gnrtd_1718305717.pdf
1, 700, 1631, 931, 682, 17, S3, 424, https://prezenta.roaep.ro/locale09062024/data/shared/sicpv/partial/pv_eup_sv_sector_s3_179169_424_gnrtd_1718152122.pdf
4, 681, 1409, 724, 660, 21, S3, 439, https://prezenta.roaep.ro/locale09062024/data/shared/sicpv/partial/pv_eup_sv_sector_s3_179169_439_gnrtd_1718155195.pdf
4, 662, 1497, 835, 636, 22, S3, 524, https://prezenta.roaep.ro/locale09062024/data/shared/sicpv/partial/pv_eup_sv_sector_s3_179169_524_gnrtd_1718146084.pdf
1, 443, 1071, 628, 431, 11, S3, 423, https://prezenta.roaep.ro/locale09062024/data/shared/sicpv/partial/pv_eup_sv_sector_s3_179169_423_gnrtd_1718137246.pdf
1, 779, 2100, 1320, 757, 22, S4, 724, https://prezenta.roaep.ro/locale09062024/data/shared/sicpv/partial/pv_eup_sv_sector_s4_179178_724_gnrtd_1718211533.pdf
2, 784, 2000, 1216, 762, 20, S4, 818, https://prezenta.roaep.ro/locale09062024/data/shared/sicpv/partial/pv_eup_sv_sector_s4_179178_818_gnrtd_1718018288.pdf
2, 652, 1600, 946, 628, 24, S4, 781, https://prezenta.roaep.ro/locale09062024/data/shared/sicpv/partial/pv_eup_sv_sector_s4_179178_781_gnrtd_1718102355.pdf
1, 527, 1202, 675, 508, 18, S4, 673, https://prezenta.roaep.ro/locale09062024/data/shared/sicpv/partial/pv_eup_sv_sector_s4_179178_673_gnrtd_1718043625.pdf
2, 756, 1800, 1044, 735, 19, S4, 745, https://prezenta.roaep.ro/locale09062024/data/shared/sicpv/partial/pv_eup_sv_sector_s4_179178_745_gnrtd_1718172618.pdf
1, 554, 1198, 644, 546, 7, S4, 695, https://prezenta.roaep.ro/locale09062024/data/shared/sicpv/partial/pv_eup_sv_sector_s4_179178_695_gnrtd_1718144255.pdf
7, 985, 1900, 915, 959, 19, S4, 851, https://prezenta.roaep.ro/locale09062024/data/shared/sicpv/partial/pv_eup_sv_sector_s4_179178_851_gnrtd_1718231283.pdf
4, 625, 1500, 875, 589, 32, S4, 678, https://prezenta.roaep.ro/locale09062024/data/shared/sicpv/partial/pv_eup_sv_sector_s4_179178_678_gnrtd_1718148616.pdf
1, 651, 1604, 953, 632, 18, S4, 785, https://prezenta.roaep.ro/locale09062024/data/shared/sicpv/partial/pv_eup_sv_sector_s4_179178_785_gnrtd_1718159181.pdf
3, 688, 1700, 1012, 659, 26, S4, 726, https://prezenta.roaep.ro/locale09062024/data/shared/sicpv/partial/pv_eup_sv_sector_s4_179178_726_gnrtd_1718227938.pdf
3, 569, 1400, 831, 546, 20, S4, 723, https://prezenta.roaep.ro/locale09062024/data/shared/sicpv/partial/pv_eup_sv_sector_s4_179178_723_gnrtd_1718137891.pdf
2, 639, 1600, 961, 612, 25, S4, 774, https://prezenta.roaep.ro/locale09062024/data/shared/sicpv/partial/pv_eup_sv_sector_s4_179178_774_gnrtd_1718223534.pdf
4, 637, 1204, 567, 616, 17, S4, 689, https://prezenta.roaep.ro/locale09062024/data/shared/sicpv/partial/pv_eup_sv_sector_s4_179178_689_gnrtd_1718031053.pdf
1, 854, 2000, 1146, 830, 23, S4, 768, https://prezenta.roaep.ro/locale09062024/data/shared/sicpv/partial/pv_eup_sv_sector_s4_179178_768_gnrtd_1718120180.pdf
5, 854, 1700, 846, 832, 17, S4, 693, https://prezenta.roaep.ro/locale09062024/data/shared/sicpv/partial/pv_eup_sv_sector_s4_179178_693_gnrtd_1718175978.pdf
1, 569, 1400, 831, 542, 26, S4, 810, https://prezenta.roaep.ro/locale09062024/data/shared/sicpv/partial/pv_eup_sv_sector_s4_179132_810_gnrtd_1717989931.pdf
5, 518, 1400, 882, 501, 12, S4, 799, https://prezenta.roaep.ro/locale09062024/data/shared/sicpv/partial/pv_eup_sv_sector_s4_179178_799_gnrtd_1718107010.pdf
4, 591, 1800, 1209, 569, 18, S4, 801, https://prezenta.roaep.ro/locale09062024/data/shared/sicpv/partial/pv_eup_sv_sector_s4_179178_801_gnrtd_1718133181.pdf
2, 508, 1602, 1094, 482, 24, S4, 822, https://prezenta.roaep.ro/locale09062024/data/shared/sicpv/partial/pv_eup_sv_sector_s4_179178_822_gnrtd_1718016627.pdf
2, 710, 1800, 1090, 695, 13, S4, 730, https://prezenta.roaep.ro/locale09062024/data/shared/sicpv/partial/pv_eup_sv_sector_s4_179178_730_gnrtd_1718212577.pdf
1, 612, 1300, 688, 599, 12, S4, 791, https://prezenta.roaep.ro/locale09062024/data/shared/sicpv/partial/pv_eup_sv_sector_s4_179178_791_gnrtd_1718217099.pdf
3, 850, 2200, 1350, 821, 26, S4, 732, https://prezenta.roaep.ro/locale09062024/data/shared/sicpv/partial/pv_eup_sv_sector_s4_179178_732_gnrtd_1718133661.pdf
12, 698, 1784, 1086, 677, 9, S4, 729, https://prezenta.roaep.ro/locale09062024/data/shared/sicpv/partial/pv_eup_sv_sector_s4_179178_729_gnrtd_1718178733.pdf
1, 631, 1498, 867, 610, 20, S4, 840, https://prezenta.roaep.ro/locale09062024/data/shared/sicpv/partial/pv_eup_sv_sector_s4_179132_840_gnrtd_1718000129.pdf
5, 864, 2100, 1234, 827, 34, S4, 743, https://prezenta.roaep.ro/locale09062024/data/shared/sicpv/partial/pv_eup_sv_sector_s4_179178_743_gnrtd_1718033593.pdf
1, 464, 900, 435, 449, 15, S5, 957, https://prezenta.roaep.ro/locale09062024/data/shared/sicpv/partial/pv_eup_sv_sector_s5_179187_957_gnrtd_1718021287.pdf
3, 363, 800, 434, 350, 13, S5, 960, https://prezenta.roaep.ro/locale09062024/data/shared/sicpv/partial/pv_eup_sv_sector_s5_179187_960_gnrtd_1718043824.pdf
1, 478, 1200, 722, 470, 7, S5, 1023, https://prezenta.roaep.ro/locale09062024/data/shared/sicpv/partial/pv_eup_sv_sector_s5_179132_1023_gnrtd_1717987631.pdf
17, 517, 1300, 766, 500, 17, S5, 948, https://prezenta.roaep.ro/locale09062024/data/shared/sicpv/partial/pv_eup_sv_sector_s5_179132_948_gnrtd_1718008261.pdf
22, 739, 2002, 1260, 691, 29, S5, 913, https://prezenta.roaep.ro/locale09062024/data/shared/sicpv/partial/pv_eup_sv_sector_s5_179187_913_gnrtd_1718021534.pdf
1, 460, 1000, 539, 445, 15, S5, 970, https://prezenta.roaep.ro/locale09062024/data/shared/sicpv/partial/pv_eup_sv_sector_s5_179187_970_gnrtd_1718033600.pdf
12, 863, 2000, 1137, 805, 46, S5, 1010, https://prezenta.roaep.ro/locale09062024/data/shared/sicpv/partial/pv_eup_sv_sector_s5_179187_1010_gnrtd_1718122657.pdf
25, 475, 1925, 1450, 438, 12, S5, 869, https://prezenta.roaep.ro/locale09062024/data/shared/sicpv/partial/pv_eup_sv_sector_s5_179187_869_gnrtd_1718015620.pdf
5, 380, 800, 420, 368, 7, S5, 954, https://prezenta.roaep.ro/locale09062024/data/shared/sicpv/partial/pv_eup_sv_sector_s5_179187_954_gnrtd_1718117194.pdf
4, 797, 2500, 1703, 758, 35, S5, 1008, https://prezenta.roaep.ro/locale09062024/data/shared/sicpv/partial/pv_eup_sv_sector_s5_179187_1008_gnrtd_1718041442.pdf
2, 506, 1300, 792, 482, 24, S5, 863, https://prezenta.roaep.ro/locale09062024/data/shared/sicpv/partial/pv_eup_sv_sector_s5_179187_863_gnrtd_1718039811.pdf
1, 598, 1300, 701, 569, 29, S5, 864, https://prezenta.roaep.ro/locale09062024/data/shared/sicpv/partial/pv_eup_sv_sector_s5_179187_864_gnrtd_1718100065.pdf
2, 671, 1900, 1227, 648, 23, S5, 916, https://prezenta.roaep.ro/locale09062024/data/shared/sicpv/partial/pv_eup_sv_sector_s5_179187_916_gnrtd_1718100071.pdf
1, 637, 1900, 1263, 607, 29, S5, 915, https://prezenta.roaep.ro/locale09062024/data/shared/sicpv/partial/pv_eup_sv_sector_s5_179187_915_gnrtd_1718019892.pdf
4, 578, 1100, 522, 562, 12, S5, 979, https://prezenta.roaep.ro/locale09062024/data/shared/sicpv/partial/pv_eup_sv_sector_s5_179187_979_gnrtd_1718032929.pdf
402, 594, 1300, 304, 569, 25, S5, 974, https://prezenta.roaep.ro/locale09062024/data/shared/sicpv/partial/pv_eup_sv_sector_s5_179187_974_gnrtd_1718017612.pdf
3, 658, 1500, 839, 639, 19, S5, 928, https://prezenta.roaep.ro/locale09062024/data/shared/sicpv/partial/pv_eup_sv_sector_s5_179187_928_gnrtd_1718024845.pdf
1, 561, 1198, 636, 545, 16, S5, 976, https://prezenta.roaep.ro/locale09062024/data/shared/sicpv/partial/pv_eup_sv_sector_s5_179187_976_gnrtd_1718014772.pdf
4, 538, 1300, 758, 527, 11, S6, 1216, https://prezenta.roaep.ro/locale09062024/data/shared/sicpv/partial/pv_eup_sv_sector_s6_179196_1216_gnrtd_1718026914.pdf
2, 742, 1600, 857, 717, 24, S6, 1180, https://prezenta.roaep.ro/locale09062024/data/shared/sicpv/partial/pv_eup_sv_sector_s6_179196_1180_gnrtd_1718125954.pdf
3, 1006, 1800, 791, 990, 16, S6, 1091, https://prezenta.roaep.ro/locale09062024/data/shared/sicpv/partial/pv_eup_sv_sector_s6_179196_1091_gnrtd_1718144341.pdf
1, 611, 1300, 689, 598, 12, S6, 1264, https://prezenta.roaep.ro/locale09062024/data/shared/sicpv/partial/pv_eup_sv_sector_s6_179196_1264_gnrtd_1718031316.pdf
16, 627, 1400, 773, 573, 38, S6, 1149, https://prezenta.roaep.ro/locale09062024/data/shared/sicpv/partial/pv_eup_sv_sector_s6_179196_1149_gnrtd_1718011714.pdf
137, 574, 1200, 500, 546, 17, S6, 1057, https://prezenta.roaep.ro/locale09062024/data/shared/sicpv/partial/pv_eup_sv_sector_s6_179196_1057_gnrtd_1718036914.pdf
18, 637, 1300, 645, 621, 16, S6, 1193, https://prezenta.roaep.ro/locale09062024/data/shared/sicpv/partial/pv_eup_sv_sector_s6_179196_1193_gnrtd_1718021892.pdf
1, 656, 1500, 843, 617, 39, S6, 1164, https://prezenta.roaep.ro/locale09062024/data/shared/sicpv/partial/pv_eup_sv_sector_s6_179196_1164_gnrtd_1718039445.pdf
1, 771, 1800, 1029, 741, 29, S6, 1247, https://prezenta.roaep.ro/locale09062024/data/shared/sicpv/partial/pv_eup_sv_sector_s6_179196_1247_gnrtd_1718138159.pdf
11, 904, 1900, 985, 893, 11, S6, 1128, https://prezenta.roaep.ro/locale09062024/data/shared/sicpv/partial/pv_eup_sv_sector_s6_179196_1128_gnrtd_1718040682.pdf
18, 536, 1101, 565, 501, 17, S6, 1074, https://prezenta.roaep.ro/locale09062024/data/shared/sicpv/partial/pv_eup_sv_sector_s6_179196_1074_gnrtd_1718141464.pdf
1, 760, 1700, 940, 741, 18, S6, 1166, https://prezenta.roaep.ro/locale09062024/data/shared/sicpv/partial/pv_eup_sv_sector_s6_179196_1166_gnrtd_1718125934.pdf
16, 765, 1800, 1028, 726, 30, S6, 1124, https://prezenta.roaep.ro/locale09062024/data/shared/sicpv/partial/pv_eup_sv_sector_s6_179196_1124_gnrtd_1718085565.pdf
2, 644, 1198, 552, 625, 19, S6, 1153, https://prezenta.roaep.ro/locale09062024/data/shared/sicpv/partial/pv_eup_sv_sector_s6_179196_1153_gnrtd_1718021811.pdf
45, 523, 1600, 1050, 478, 27, S6, 1285, https://prezenta.roaep.ro/locale09062024/data/shared/sicpv/partial/pv_eup_sv_sector_s6_179196_1285_gnrtd_1718092837.pdf
1, 195, 435, 240, 180, 14, SB, 242, https://prezenta.roaep.ro/locale09062024/data/shared/sicpv/partial/pv_eup_sv_sb_144232_242_gnrtd_1718094994.pdf
17, 975, 2079, 1087, 947, 28, SB, 361, https://prezenta.roaep.ro/locale09062024/data/shared/sicpv/partial/pv_eup_sv_sb_143557_361_gnrtd_1718181150.pdf
1, 507, 1342, 834, 490, 17, SB, 18, https://prezenta.roaep.ro/locale09062024/data/shared/sicpv/partial/pv_eup_sv_sb_143450_18_gnrtd_1717999625.pdf
2, 118, 202, 84, 108, 8, SB, 241, https://prezenta.roaep.ro/locale09062024/data/shared/sicpv/partial/pv_eup_sv_sb_144232_241_gnrtd_1717996207.pdf
7, 858, 1584, 719, 778, 80, SB, 248, https://prezenta.roaep.ro/locale09062024/data/shared/sicpv/partial/pv_eup_sv_sb_144303_248_gnrtd_1718175663.pdf
1, 861, 1907, 1045, 831, 30, SB, 56, https://prezenta.roaep.ro/locale09062024/data/shared/sicpv/partial/pv_eup_sv_sb_143450_56_gnrtd_1718007493.pdf
6, 301, 483, 182, 281, 14, SB, 337, https://prezenta.roaep.ro/locale09062024/data/shared/sicpv/partial/pv_eup_sv_sb_145408_337_gnrtd_1718093250.pdf
7, 781, 1616, 835, 756, 18, SB, 54, https://prezenta.roaep.ro/locale09062024/data/shared/sicpv/partial/pv_eup_sv_sb_143450_54_gnrtd_1718097460.pdf
4, 651, 1723, 1068, 639, 12, SB, 105, https://prezenta.roaep.ro/locale09062024/data/shared/sicpv/partial/pv_eup_sv_sb_143450_105_gnrtd_1718015625.pdf
11, 215, 500, 274, 202, 13, SV, 189, https://prezenta.roaep.ro/locale09062024/data/shared/sicpv/partial/pv_eup_sv_sv_146655_189_gnrtd_1718015854.pdf
7, 300, 1200, 893, 282, 18, SV, 33, https://prezenta.roaep.ro/locale09062024/data/shared/sicpv/partial/pv_eup_sv_sv_146263_33_gnrtd_1717989417.pdf
14, 885, 1631, 732, 840, 45, SV, 274, https://prezenta.roaep.ro/locale09062024/data/shared/sicpv/partial/pv_eup_sv_sv_147937_274_gnrtd_1718097339.pdf
4, 747, 1490, 743, 696, 47, SV, 351, https://prezenta.roaep.ro/locale09062024/data/shared/sicpv/partial/pv_eup_sv_sv_149101_351_gnrtd_1718021401.pdf
2, 631, 1600, 969, 605, 24, SV, 107, https://prezenta.roaep.ro/locale09062024/data/shared/sicpv/partial/pv_eup_sv_sv_146628_107_gnrtd_1718099025.pdf
1, 84, 168, 83, 74, 10, TL, 90, https://prezenta.roaep.ro/locale09062024/data/shared/sicpv/partial/pv_eup_sv_tl_159883_90_gnrtd_1718098476.pdf
1, 533, 1041, 507, 518, 15, TL, 71, https://prezenta.roaep.ro/locale09062024/data/shared/sicpv/partial/pv_eup_sv_tl_159767_71_gnrtd_1718173467.pdf
1, 443, 1645, 1202, 432, 10, TL, 41, https://prezenta.roaep.ro/locale09062024/data/shared/sicpv/partial/pv_eup_sv_tl_159614_41_gnrtd_1718005698.pdf
6, 629, 1700, 1071, 593, 30, TM, 460, https://prezenta.roaep.ro/locale09062024/data/shared/sicpv/partial/pv_eup_sv_tm_157530_460_gnrtd_1718033394.pdf
2, 629, 1400, 771, 603, 24, TM, 37, https://prezenta.roaep.ro/locale09062024/data/shared/sicpv/partial/pv_eup_sv_tm_155243_37_gnrtd_1718093141.pdf
4, 539, 1200, 657, 521, 18, TM, 13, https://prezenta.roaep.ro/locale09062024/data/shared/sicpv/partial/pv_eup_sv_tm_155243_13_gnrtd_1717979587.pdf
2, 132, 300, 168, 121, 9, TM, 593, https://prezenta.roaep.ro/locale09062024/data/shared/sicpv/partial/pv_eup_sv_tm_159035_593_gnrtd_1718103019.pdf
189, 593, 1560, 778, 514, 79, TR, 177, https://prezenta.roaep.ro/locale09062024/data/shared/sicpv/partial/pv_eup_sv_tr_152948_177_gnrtd_1718115970.pdf
6, 828, 1490, 661, 794, 29, TR, 75, https://prezenta.roaep.ro/locale09062024/data/shared/sicpv/partial/pv_eup_sv_tr_151905_75_gnrtd_1718098558.pdf
4, 453, 1490, 1037, 414, 35, TR, 72, https://prezenta.roaep.ro/locale09062024/data/shared/sicpv/partial/pv_eup_sv_tr_151683_72_gnrtd_1718111213.pdf
18, 601, 1375, 756, 573, 28, TR, 44, https://prezenta.roaep.ro/locale09062024/data/shared/sicpv/partial/pv_eup_sv_tr_151870_44_gnrtd_1718113470.pdf
3, 375, 1130, 752, 361, 14, TR, 41, https://prezenta.roaep.ro/locale09062024/data/shared/sicpv/partial/pv_eup_sv_tr_151870_41_gnrtd_1718098879.pdf
2, 990, 1275, 283, 949, 41, TR, 171, https://prezenta.roaep.ro/locale09062024/data/shared/sicpv/partial/pv_eup_sv_tr_155118_171_gnrtd_1718090758.pdf
2, 325, 515, 188, 308, 17, TR, 179, https://prezenta.roaep.ro/locale09062024/data/shared/sicpv/partial/pv_eup_sv_tr_152948_179_gnrtd_1718117116.pdf
9, 709, 905, 187, 669, 40, TR, 145, https://prezenta.roaep.ro/locale09062024/data/shared/sicpv/partial/pv_eup_sv_tr_152582_145_gnrtd_1718104446.pdf
3, 870, 1200, 331, 823, 43, TR, 253, https://prezenta.roaep.ro/locale09062024/data/shared/sicpv/partial/pv_eup_sv_tr_155136_253_gnrtd_1718105784.pdf
24, 518, 1480, 961, 469, 26, TR, 52, https://prezenta.roaep.ro/locale09062024/data/shared/sicpv/partial/pv_eup_sv_tr_151870_52_gnrtd_1718095362.pdf
1, 509, 855, 345, 485, 24, TR, 102, https://prezenta.roaep.ro/locale09062024/data/shared/sicpv/partial/pv_eup_sv_tr_152083_102_gnrtd_1718024429.pdf
1, 528, 800, 285, 483, 31, TR, 219, https://prezenta.roaep.ro/locale09062024/data/shared/sicpv/partial/pv_eup_sv_tr_154996_219_gnrtd_1718093230.pdf
36, 706, 1300, 558, 669, 37, TR, 203, https://prezenta.roaep.ro/locale09062024/data/shared/sicpv/partial/pv_eup_sv_tr_153277_203_gnrtd_1718100753.pdf
274, 751, 1081, 56, 695, 56, TR, 146, https://prezenta.roaep.ro/locale09062024/data/shared/sicpv/partial/pv_eup_sv_tr_152582_146_gnrtd_1718086793.pdf
44, 787, 1400, 569, 745, 42, TR, 78, https://prezenta.roaep.ro/locale09062024/data/shared/sicpv/partial/pv_eup_sv_tr_151905_78_gnrtd_1718095028.pdf
4, 601, 970, 369, 575, 22, TR, 223, https://prezenta.roaep.ro/locale09062024/data/shared/sicpv/partial/pv_eup_sv_tr_153507_223_gnrtd_1718080257.pdf
16, 174, 285, 114, 154, 1, TR, 82, https://prezenta.roaep.ro/locale09062024/data/shared/sicpv/partial/pv_eup_sv_tr_151905_82_gnrtd_1718096737.pdf
22, 457, 1215, 736, 451, 6, TR, 37, https://prezenta.roaep.ro/locale09062024/data/shared/sicpv/partial/pv_eup_sv_tr_151870_37_gnrtd_1718097745.pdf
33, 497, 1330, 800, 464, 33, TR, 73, https://prezenta.roaep.ro/locale09062024/data/shared/sicpv/partial/pv_eup_sv_tr_151683_73_gnrtd_1718111653.pdf
23, 901, 1270, 420, 741, 86, TR, 115, https://prezenta.roaep.ro/locale09062024/data/shared/sicpv/partial/pv_eup_sv_tr_152252_115_gnrtd_1717998753.pdf
24, 478, 825, 323, 436, 42, TR, 244, https://prezenta.roaep.ro/locale09062024/data/shared/sicpv/partial/pv_eup_sv_tr_153605_244_gnrtd_1718111650.pdf
2, 465, 1300, 833, 454, 11, VL, 69, https://prezenta.roaep.ro/locale09062024/data/shared/sicpv/partial/pv_eup_sv_vl_167473_69_gnrtd_1718002098.pdf
12, 853, 1440, 581, 783, 64, VL, 329, https://prezenta.roaep.ro/locale09062024/data/shared/sicpv/partial/pv_eup_sv_vl_172082_329_gnrtd_1718088577.pdf
97, 290, 710, 323, 282, 8, VL, 36, https://prezenta.roaep.ro/locale09062024/data/shared/sicpv/partial/pv_eup_sv_vl_167473_36_gnrtd_1718001611.pdf
1, 217, 370, 153, 201, 15, VL, 239, https://prezenta.roaep.ro/locale09062024/data/shared/sicpv/partial/pv_eup_sv_vl_169994_239_gnrtd_1718018791.pdf
17, 221, 370, 132, 204, 17, VL, 240, https://prezenta.roaep.ro/locale09062024/data/shared/sicpv/partial/pv_eup_sv_vl_169994_240_gnrtd_1717983294.pdf
1, 385, 767, 381, 362, 23, VL, 165, https://prezenta.roaep.ro/locale09062024/data/shared/sicpv/partial/pv_eup_sv_vl_168559_165_gnrtd_1717988674.pdf
2, 408, 1040, 630, 403, 5, VL, 2, https://prezenta.roaep.ro/locale09062024/data/shared/sicpv/partial/pv_eup_sv_vl_167473_2_gnrtd_1718002015.pdf
69, 284, 480, 196, 197, 18, VL, 204, https://prezenta.roaep.ro/locale09062024/data/shared/sicpv/partial/pv_eup_sv_vl_169306_204_gnrtd_1718030724.pdf
1, 260, 380, 120, 234, 25, VL, 262, https://prezenta.roaep.ro/locale09062024/data/shared/sicpv/partial/pv_eup_sv_vl_170612_262_gnrtd_1717998080.pdf
1, 636, 1520, 884, 619, 16, VL, 84, https://prezenta.roaep.ro/locale09062024/data/shared/sicpv/partial/pv_eup_sv_vl_167473_84_gnrtd_1717984388.pdf
6, 574, 1527, 953, 543, 25, VN, 66, https://prezenta.roaep.ro/locale09062024/data/shared/sicpv/partial/pv_eup_sv_vn_174860_66_gnrtd_1718187086.pdf
2, 878, 1426, 548, 821, 55, VN, 233, https://prezenta.roaep.ro/locale09062024/data/shared/sicpv/partial/pv_eup_sv_vn_178947_233_gnrtd_1718187939.pdf
1, 613, 1532, 918, 596, 17, VN, 42, https://prezenta.roaep.ro/locale09062024/data/shared/sicpv/partial/pv_eup_sv_vn_174744_42_gnrtd_1718256598.pdf
1, 332, 574, 242, 308, 23, VN, 238, https://prezenta.roaep.ro/locale09062024/data/shared/sicpv/partial/pv_eup_sv_vn_178910_238_gnrtd_1718198915.pdf
2, 550, 1528, 976, 522, 28, VN, 33, https://prezenta.roaep.ro/locale09062024/data/shared/sicpv/partial/pv_eup_sv_vn_174744_33_gnrtd_1718218140.pdf
2, 212, 489, 275, 193, 19, VN, 261, https://prezenta.roaep.ro/locale09062024/data/shared/sicpv/partial/pv_eup_sv_vn_177405_261_gnrtd_1718195895.pdf
2, 709, 1200, 491, 666, 41, VS, 184, https://prezenta.roaep.ro/locale09062024/data/shared/sicpv/partial/pv_eup_sv_vs_162194_184_gnrtd_1718035453.pdf
1, 391, 1200, 808, 372, 19, VS, 44, https://prezenta.roaep.ro/locale09062024/data/shared/sicpv/partial/pv_eup_sv_vs_161945_44_gnrtd_1718013505.pdf
